pathway	pval	padj	log2err	ES	NES	size	leadingEdge
BASAKI_YBX1_TARGETS_DN	9.00265001750601e-06	0.000194790100400481	0.593325476396405	-0.534346765137492	-1.56261531700958	351	CHGA,GOLGA8A,GDF15,ABCA5,VEGFA,PHLDA1,PAPSS2,DUSP6,LAMP2,ETV5,ARHGAP18,HTRA1,DHRS3,SAT1,HLA-E,SEPT6,H3F3B,SCD,SPRY1,ATRX,CDH1,HES1,PLCG2,SMCHD1,CAMK2N1,DUSP5,RNASET2,BPTF,DPP4,NEBL,GALNT14,NT5DC1,LMAN1,AK4,RRAGD,BICD1,BBX,SMPDL3A,CYS1,MIB1,PNP,IL6ST,TSPAN6,XRN1,PDCD4,P4HA1,MTDH,APOOL,ANTXR1,VAV3,FAM162A,GOLGA8B,YIPF6,NAV1,PCSK6,SLC25A36,BNC2,ZC3H11A,PDK3,LAMB1,SCAMP1,HELZ,GSTM3,IER5L,ALDH1A2,BST2,PLEKHA1,MRAP2,RICTOR,PNISR,PTGS1,CDK12,SH3PXD2A,COBLL1,CLINT1,MXI1,SMARCA2,GAL3ST1,TM9SF3,PSD3,DDIT4,PROS1,SPRY2,EGR1,SLC2A10,IBTK,EEF2K,SECISBP2L,ARSD,PLOD2,DMXL1,PARP8,ATP7A,ASS1,MGAT4A,IRF2BP2,DMXL2,PIK3R1,DYNC2H1,ZNF780B,SLC25A27,SYTL2,SEZ6L2,DYNC2LI1,FAM13A,ATM,AIM1,HLA-DMA,PGK1,TSPAN1,CCDC50
BASAKI_YBX1_TARGETS_UP	0.000327812957793814	0.00448938131830153	0.49849310876659	0.488253383048834	1.48572594491244	270	YWHAH,HN1,COTL1,ESPL1,RHEB,CAMTA1,SAC3D1,IMMP1L,TUBB2A,MT1F,SFN,TUBA1A,POLR2L,GSTP1,UNG,MCM7,KIF22,SH3BP4,KLC1,DAZAP1,DDX39A,MAP1B,CENPM,CSTF3,SMC2,DPYSL3,H2AFV,MT2A,SIVA1,PSMB6,ACTR1A,CDK2AP2,KRT10,DTYMK,NMU,HMGB2,RNF26,CACYBP,ILF2,ARPC5L,UHRF1,CCM2,WDR1,TPRKB,TOMM5,LMNB2,CENPW,MCM2,FEN1,MCM5,PSMD2,PINK1,DDB2,UBE2C,PSMC3IP,RRS1,HTATIP2,ZWILCH,PBK,TPM4,RANGAP1,SAE1,HAT1,TUBB4B,ZNF71,NDUFS6,SPC24,TSEN15,GLRX2,HINT1,MAD2L1,CREM,SKA2,CDC20,KPNA2,ASF1B,S100A2,NTN4,TUFT1,GTSE1,MT1X,PRC1
BENPORATH_PROLIFERATION	0.00176909336771845	0.0149032714007797	0.45505986738723	0.546763941551728	1.53965120489735	134	H2AFZ,TMEM14A,HDAC2,SHFM1,STMN1,IDH2,PTS,SNRPG,CENPM,RANBP1,GDI2,S100A9,H2AFV,COX5A,CKS2,CDC123,DTYMK,ILF2,FAM49B,SNRPD1,GGCT,APOBEC3B,PKMYT1,MCM2,ARF1,CSTB,CKS1B,MAGOHB,PDSS1,PBK,ASF1A,PRPF18,CDCA5,MAD2L1,EZH2,CEBPG,KPNA2,UBE2T,LGALS8,PRC1,DCUN1D5,PDCD10,CENPA,PTTG1,PROSER1
BERENJENO_TRANSFORMED_BY_RHOA_DN	0.000448812464493017	0.0053655237286695	0.49849310876659	-0.484597947256627	-1.42626132109673	376	TWIST1,CD99,PDK4,ITM2C,ELAVL2,EID1,EBF1,DPP7,MAGED2,LTBP4,MATN2,LAMP2,ATF5,EMB,MYO10,HES6,COL1A2,SIX1,SLC38A2,TMEM205,GAS2,TCEA3,RCN1,HSPA2,SERPINE2,ID3,DLK1,DHRS7,COL4A5,KLF9,RASA4,CELF2,CXXC5,MGP,DCN,KDELR3,ST3GAL5,COL6A2,CSRP2,GRN,ANXA4,ANXA6,PTPRM,CASK,TIMP3,TNFRSF11B,MRC2,S100A13,PNP,IL6ST,LIPA,PMP22,PDCD4,GNS,CCDC80,LXN,PRNP,CLTA,PLTP,TMED3,MMP14,TCF4,COL6A1,COL1A1,GSTM3,PRRX2,MEIS3,FZD1,GPC4,SLC12A2,STAT3,ITPR2,PTEN,FAM8A1,SLC1A5,MAN2A1,SMARCA2,PTPN13,DDIT3,AEBP1,SEL1L,ST3GAL2,COL5A1,SEMA3F,SHC1,TCF7L1,JUND,ISLR,GAA,AMOT,KIFAP3,NYNRIN,RECK,PIK3R1,SMAD6,VDR,ECH1,SQSTM1,GAMT,CTSA,TRIO,GSN,USP22,MNAT1,RIN2,AIM1,MYO1D,TBL1XR1,SPTBN1
BOYAULT_LIVER_CANCER_SUBCLASS_G3_UP	0.000453560459078177	0.0053655237286695	0.49849310876659	0.532271666484594	1.55288352325192	181	PTP4A2,FTH1,HN1,SNRPD2,PFN2,TXN,STMN1,TDG,SRM,SRI,TCEB1,TPD52,CSDE1,POLR2K,KLC1,ACTL6A,CENPM,ENOPH1,SEC61G,ARPC4,COPS5,HIST2H2BE,PGD,MRTO4,MARCKS,EBNA1BP2,CCDC86,PSME3,GNB1,BOP1,PSMD11,TPRKB,RBBP4,ADSL,WDYHV1,G6PD,SUB1,PPP2R3C,ZWILCH,ITGB1BP1,DHX15,CASC3,CLIC1,EIF3H,MAD2L1,UBE2V2,EZH2,AIMP1,FNBP1L
CHIANG_LIVER_CANCER_SUBCLASS_UNANNOTATED_DN	0.00595793039296612	0.0389718740998725	0.407017918923954	0.486361099512251	1.41093308040256	176	H2AFZ,SNRPD2,YBX1,MAD2L2,PSMC3,HSPA8,NDUFA4,UBE2E3,CNN3,PSMA2,HIST1H2BH,ARPC1A,GJA1,FARSA,CAPZA2,CHCHD2,HNRNPA0,TMEM50A,PGD,MED21,LSM2,CLNS1A,HAUS1,RHOA,STIP1,ILF2,SNRPD1,TPRKB,RNASEH2A,XRCC5,FEN1,WDSUB1,ZNHIT3,PPP2R3C,SLC39A6,SELT,SEC61A1,VDAC3,GNAI1,PBK,VAMP3,HAT1,TYROBP,ADH5,NFYC,POLE3,MAD2L1,WARS,PSMG1,TPD52L1,FCER1G,SCAMP3,UBE2T,TM9SF2,OSTC,APOO,ATG3,C1QBP,DCUN1D5,E2F5,DAD1,UQCRFS1
COLINA_TARGETS_OF_4EBP1_AND_4EBP2	0.00127505932752089	0.0110770779078377	0.45505986738723	-0.480509348984739	-1.40365652258552	348	PHLDA1,NRN1,PON3,LAMP2,LGALS3BP,EMB,NDN,IGFBP2,CREG1,BLVRB,HLA-C,SESN3,AIG1,BCAT1,ID3,S100A1,CXCL6,FXYD5,CELF2,PSMB9,SOD3,SASH1,CDH11,PRKCA,B2M,DNAJC15,VAMP5,GRK5,ABCC4,GRN,PSMB8,ALDH7A1,PPP1R3C,SCARB2,TNFRSF11B,PHKB,GNG11,NEO1,LTBP2,S100A13,PNP,TSPAN6,OSBPL3,OSR1,IFI27L2,LXN,AGGF1,LECT1,XPO1,NR2F1,SRPX,FOXC1,BST2,SLC12A2,SMPDL3B,HEXB,ATP1B1,ZADH2,SMARCA2,SLC16A3,RNF128,CTSH,IL13RA1,SCARA3,FOXC2,PLOD2,NQO2,TBX1,LY6E,RNF113A,FMNL3,GPX3,ISLR,CCND1,LYPLAL1,RECK,WNT5B,CREB3L2,BACE1,BICC1,HELLS,IRX3,TOR1AIP1,PHKA2,ZCCHC11,THBS1,GALM,PIR,ATM,SKIV2L2,ZZZ3,GLA,CENPK,HOXA5,FOXD1,F3,NNMT,POLA1
CREIGHTON_ENDOCRINE_THERAPY_RESISTANCE_4	0.000651218771188624	0.00709956150550735	0.477270815362862	-0.507983580881125	-1.45213061699532	269	VCAN,PAPSS2,P4HA2,OLFM1,IGSF1,PKIB,LAMP2,EMP3,FKBP5,SPARC,TMEM167A,GSTO1,RBM24,RAB31,COL4A5,ATRNL1,RASA4,MGP,MYO16,PSMF1,JARID2,ARHGAP36,PMAIP1,MRC2,AK4,TTC37,SLC19A2,IRS2,PPP2R5A,IGF1R,TSPAN6,NSA2,HSPB8,PDCD4,CDV3,SERTAD2,TBL1X,KCNJ3,EMP2,TFAP2C,RHOQ,SCUBE2,MAVS,ZBTB41,PRKD3,PLIN5,RHOBTB3,ATP2B4,NT5DC3,SMPDL3B,DSCAM,LAGE3,DLG5,NRIP1,IRS1,MYC,COL5A1,SEMA3F,XYLT1,TMEM164,ITGA2,RBM33,ADD3,MOCS2,FAM26F,ASS1,LYSMD2,LYPLAL1,ELOVL2,SLC7A6OS,PIK3R1,HAUS6,IRX3,SAV1,IL27RA,FOXK2,BAG3,CXCL12,POLR1E,GNPDA1
CREIGHTON_ENDOCRINE_THERAPY_RESISTANCE_5	0.000402949277846694	0.00509181360188096	0.49849310876659	-0.470897522656279	-1.39736134593054	426	CCPG1,GDF15,ELL2,LDLRAP1,AQP3,PRKCH,TIMP2,SYCP2,HSPA2,SAT1,SELM,HOXA10,KLF9,OLFML2B,B3GNT2,ATP2B1,SASH1,CFL2,TC2N,MEF2A,KDELR3,SPIRE1,STOM,NFAT5,DYRK2,EGLN3,MALT1,NEBL,TIMP3,SPRED1,TBC1D15,VAMP8,IQSEC1,S100A13,PDZD2,RIOK3,CLTC,LHFPL2,MGLL,TMF1,PARM1,PMP22,BLNK,MBNL1,PTGFRN,THOC2,CCDC80,MXRA7,RAP1GAP2,PRNP,SPRED2,KREMEN1,RNF144B,TCF4,MYO1B,TTC39B,FAM65C,CDH3,PTPRJ,KIAA1671,LPIN2,CALU,QKI,BCAM,SLC12A2,PLBD1,RICTOR,LARP6,SAR1B,NCOA1,EPB41L2,CORO2A,SWAP70,COBLL1,INPP4A,PSMD6,MIA3,PSD3,AP1G1,PTPN13,GOLGA3,EEA1,MTUS1,CTNND2,SEL1L,MTA3,IL13RA1,TRAM2,NCAM2,ZDHHC23,EFR3A,REEP1,ATP8A1,PDE8A,NF1,WIPI1,GMFB,GATA2,TRIB3,ALDH1A3,PHLDB2,THBS1,GSN,SYNJ2,CAB39,RIN2,VSIG10,BMP7,RNF103,TSPAN1,LOXL1,FAM160B1,NACC2,RAB22A,EML1,DIDO1,PRICKLE2,GTF3C1,TMEM41B,LIMA1,LGALSL,FHOD1,VPS13D,PPP1CB,PPM1A,RAB27B,VPS13B,TMTC3,FOXP1,TMEM41A,COLEC12
DAIRKEE_TERT_TARGETS_UP	7.45594363065926e-06	0.000180239332984633	0.610526878385931	0.507154777810544	1.56323246022584	318	CAPZB,UQCR11,H3F3A,ADI1,RAC1,MAF1,AKR1A1,HMG20B,DRAP1,ATP5J2,MLF2,PIN1,POLR2E,NDUFA13,GSTP1,APOPT1,GNB2,PFN1,RNF126,CAPN1,CDKN2C,NUBP2,NTHL1,ARPC1A,ATP5C1,FARSA,CHMP4B,STX10,ALKBH7,CORO1A,ARPC4,HMGN3,TAF6,RALYL,HCFC1R1,DRG1,COX5A,CKS2,SIVA1,RWDD1,PPP4C,NEDD8,ATP5D,PGD,ARFIP2,SGTA,SSNA1,PSMA1,SNRPA,UBXN1,CLPP,MAP2K7,BCAT2,NDUFB10,ATP5G3,APOBEC3B,HTR3A,PSMD13,MANBAL,MAPK11,SHARPIN,CDC25B,ISOC2,MMAB,PPP1R11,MPST,TCP1,HIGD2A,UBXN6,LDLR,TELO2,ILF3,ARPC3,MECR,TMEM154,CDH13,TMEM183A,WDR74,GLRX2,RETNLB,DCTPP1,CWC15,TMEM128,DNMT1,NMT1,RHOT2,TSC22D1,POLD2,UQCRC1,COPS4,RAB4B,PRPF31,NPRL3
DANG_MYC_TARGETS_UP	0.015404476028078	0.0757954749700123	0.380730400722792	0.498718342060631	1.39335402362046	122	H2AFZ,PPIA,HSPA8,TXN,IGKC,MGST1,SRM,UCHL1,EIF4A1,TOMM22,DDX5,GAPDH,TIMM10,CKS2,EIF4E,APEX1,GGH,MRTO4,PSMB1,PTMA,ENDOG,PINK1,HNRNPA2B1,CSTB,RCC1,UBE2C,SLC39A6,SLC25A3,SURF6,SRSF2,ELAVL1,NME2,HNRNPA1,HSPE1,TP53,PSMG1,POLD2
ENK_UV_RESPONSE_KERATINOCYTE_DN	0.00081411522078051	0.00808300112060649	0.477270815362862	-0.459725239255168	-1.37329354491486	478	CCND2,GOLGA8A,GOLGA4,ZNF638,FMR1,EID1,KTN1,LAMP2,MYO10,FKBP5,COL16A1,SLC25A5,SERPINE2,ID1,DHRS3,RND3,SCAF11,RRBP1,ROCK2,KLF9,PAWR,ATRX,HES1,DUSP5,YES1,CNTN1,DYRK2,SFRP1,PPP1R3C,BPTF,TPR,MALT1,FZD6,JAG2,CD46,TOMM20,WWTR1,RANBP2,HSPD1,ACTR2,USP7,CD44,TMEM5,CLTC,FASN,TRIP12,RAPGEF5,LUC7L3,MBNL1,SCML2,ACSL3,XPO1,PRKAR1A,CD2AP,PUM2,PRKDC,DNAJA1,G3BP1,SLC16A1,STAU1,C1D,CLIP1,RABEPK,AKAP11,CTCF,DFNA5,DLG5,TRIM23,CCDC6,BNIP3L,ITSN2,GNAQ,ADCY3,MAN2A1,TCERG1,SMARCA2,KDM5A,SORL1,IRS1,CSNK1A1,CAP2,KIF2A,PRKCI,CRIM1,LYST,SEMA3F,NPTN,AFAP1,ATP2A2,PEX3,ARHGEF4,NAE1,ACBD3,EIF3J,PAFAH1B1,HSPA4L,TLK2,NOL7,COPS2,HOXA9,NCOA3,MYO5A,KAT6A,TCFL5,IPO7,FOXO3,KIFAP3,GMFB,TRIM38,MAP4,WNK1,EFEMP1,FAT2,BCAR3,TARBP1,MICB,PEX6,SMAD4,RPGR,PARP1,CD58,CNOT2,SNTB2,MBD2
ERB2_UP.V1_DN	0.000720069242723485	0.00755393394253317	0.477270815362862	-0.539025765303455	-1.47362334747243	179	GOLGA8A,GOLGA4,GFRA1,PEG10,FHL2,MATN2,RAB31,MGP,OAS1,RASGRP1,PMAIP1,CHD1,TFPI2,CYP26B1,IGF1R,KRR1,COL9A3,HSPB8,LPGAT1,MPDZ,RIF1,ANKRD12,SMC3,LAMB1,CEBPZ,RHOBTB3,KANK1,WIPF1,BST2,RALGAPA1,HSPA13,RPAP3,NRIP1,WDR43,EIF2S3,IRS1,SSFA2,MYC,LTN1,HSPA4L,TOPBP1,ADD3,NOC3L,ASS1
GO_BRANCHING_MORPHOGENESIS_OF_AN_EPITHELIAL_TUBE	0.000336439920851837	0.00448938131830153	0.49849310876659	-0.60323022110276	-1.58750653768662	128	GPC3,VEGFA,PGF,NRARP,ETV4,SIX1,CITED1,TGFB1,BMP2,CTSZ,NOTCH1,LHX1,SPRY1,WNT4,GDNF,HOXA11,HHEX,NRP1,SOX9,MMP14,DDR1,STK4,PAX2,DLG5,KDM5B,MYC,CTSH,SPRY2,MYCN,FOXC2,DLG1,VDR,GZF1,GLI3,SMAD4,BMP7,HOXA5,FOXD1,WNT6,TGFBR2,LAMA5,FGFR2,LRP5,SRC,WT1,PTCH1,RBM15,FGF10,BTRC,B4GALT1
GO_CEREBRAL_CORTEX_GABAERGIC_INTERNEURON_DIFFERENTIATION	0.0112728141729415	0.0622342534351204	0.380730400722792	0.862723144128877	1.58832997355696	12	DLX1,NKX2-1,RAC1,ASCL1,DLX2,LHX6,ARX,RAC3,DRD2
GO_CEREBRAL_CORTEX_NEURON_DIFFERENTIATION	0.011400825944774	0.0622342534351204	0.380730400722792	0.758047302936555	1.58342968601105	22	DLX1,NKX2-1,RAC1,ASCL1,DLX2,LHX6,ARX,RAC3,ID4,DRD2
GO_ENDODERMAL_CELL_DIFFERENTIATION	0.0219259972030193	0.0975268355590299	0.352487857583619	-0.661209778189162	-1.47322189819927	39	INHBA,HMGA2,LAMB3,ITGA4,MMP2,HSBP1,MMP14,ITGA7,COL6A1,LAMB1,LEO1,ITGAV
GO_ENDODERM_DEVELOPMENT	0.00215792287494259	0.0179075390816132	0.431707695803346	-0.650334733765291	-1.58335412163445	68	INHBA,TGFB1,NOTCH1,LHX1,DUSP5,HMGA2,LAMB3,BPTF,ITGA4,HHEX,MMP2,HSBP1,KIF16B,MMP14,ITGA7,COL6A1,EXT1,SMAD3,LAMB1,LEO1,ITGAV,SOX7,GATA4,MED12,SMAD4
GO_ENDODERM_FORMATION	0.00458638771492785	0.0315336691338254	0.407017918923954	-0.678211229256874	-1.56915380450617	49	INHBA,LHX1,DUSP5,HMGA2,LAMB3,ITGA4,MMP2,HSBP1,MMP14,ITGA7,COL6A1,LAMB1,LEO1,ITGAV,SOX7
GO_NEUROPEPTIDE_BINDING	0.0204574756209088	0.0940056629496004	0.352487857583619	-0.770766643038779	-1.48000592162008	18	OPRK1,SSTR2,KISS1R,SSTR1,GALR2,GALR1,ADCYAP1R1
GO_NEUROPEPTIDE_RECEPTOR_ACTIVITY	0.00459393381266161	0.0315336691338254	0.407017918923954	-0.726721055523371	-1.5866769224545	35	SSTR2,GAL,KISS1R,NTSR2,SSTR1,TACR2,SORCS3,GALR2,SORCS2,GALR1,SORCS1
GO_NEUROPEPTIDE_SIGNALING_PATHWAY	0.00449195782788107	0.0315336691338254	0.407017918923954	-0.600990932891313	-1.50228743603759	84	CARTPT,NPW,NXPH4,OPRK1,POMC,SSTR2,ADCYAP1,PCSK1N,GAL,TAC3,KISS1R,PENK,NTSR2,NPVF,NMB,PTH2,SSTR1
GO_POSITIVE_REGULATION_OF_CANONICAL_WNT_SIGNALING_PATHWAY	0.021532033531889	0.0965468600300828	0.352487857583619	0.492875410483213	1.35213286195494	112	SOX4,DLX5,WLS,PSMC3,FGF9,PIN1,PSMB5,PSMB2,CSNK1E,PSMD3,PSMA2,PSMB7,UBC,LGR5,PSMB3,JUP,PSMA7,PSME1,PSMC2,PSMB6,PSMB1,PSMA1,PSMA6,TMEM198,PSME3,PSMD11,DVL2,PSMD13,PSMC1,PSMD2,PSME2
GO_POSITIVE_REGULATION_OF_NEUROLOGICAL_SYSTEM_PROCESS	0.0131247854826298	0.0669484470490106	0.380730400722792	-0.774856504705676	-1.5428673660202	20	CARTPT,TNR,PAWR,CHRNB4,WASF3,ITGA2,DICER1
GO_REGULATION_OF_BMP_SIGNALING_PATHWAY	0.0112587321835991	0.0622342534351204	0.380730400722792	-0.598463154026056	-1.47271055390392	74	GPC3,HTRA1,NOTCH1,HES1,SFRP1,NEO1,ZNF423,PCSK6,CTDSPL2,LEMD3,XIAP,FZD1,SKOR1,GATA4,CYR61,SMAD6,SMAD7,TOB1,UBE2O,SMAD4,TFAP2B,HES5,FOXD1,FBN1,DAND5,SKI,PPM1A,MSX1,TMPRSS6,BMPER,TWSG1,SMAD2,BMPR2,HTRA3,ENG
GO_REGULATION_OF_EMBRYONIC_DEVELOPMENT	0.000787416331061146	0.00796006327399994	0.477270815362862	-0.618173969069416	-1.59270069527057	104	NRARP,PHLDA2,PLCB1,DUSP6,FZD7,SIX1,NOTCH1,LHX1,WNT4,HES1,OSR2,GDNF,SFRP1,TGIF2,OSR1,STK4,NIPBL,FZD1,COL5A1,PAFAH1B1,AMOT,LAMA1,GATA2,PHLDB2,MYADM,BMP7,CLASP1,STK3,GPR161,HNF4A,BMPR1A,LAMA3,NKD1,LAMA5,TRAF3IP1,NPHP3,NR2C2,FGFR1,DMRT2,SOX17,OTX2,TBX18
GO_REGULATION_OF_EPITHELIAL_CELL_PROLIFERATION	0.00414130369425767	0.0302969059737798	0.407017918923954	-0.480835529170839	-1.37452472860834	269	TWIST1,GPC3,CDK6,VEGFA,EGFL7,PGF,NRARP,MCC,APOE,ETV4,EPGN,SPARC,FZD7,SIX1,TGFB1,SULF2,BMP2,ID1,HTRA1,KLF9,NOTCH1,THBS4,PRKCA,HES1,MARVELD3,VASH2,CYBA,OSR2,SFRP1,PTPRM,CASK,HIF1A,NRP2,ERRFI1,NRP1,OSR1,SOX9,PTN,AGGF1,PAX2,SMAD3,LAMB1,ALDH1A2,CDH3,RICTOR,PTEN,TGFBR3,KDM5B,MYC,SIRT1,NR4A1,LIMS1,TBX1,ATOH8,DLG1,CCND1,NF1,CDKN1C,SEMA5A,HAS2,VDR,SAV1,WNT7A,THBS1,BCL11B,MEF2C,CXCL12,FRS2,TEK,ARNT,TGFBR1,HOXA5,HES5,F3,BMPR1A
GO_REGULATION_OF_FIBROBLAST_GROWTH_FACTOR_RECEPTOR_SIGNALING_PATHWAY	0.0111658798556367	0.0622342534351204	0.380730400722792	-0.748406773007947	-1.54580393725821	25	DUSP6,SULF2,SPRY1,WNT4,DSTYK,SPRY2,NPTN,THBS1
GO_REGULATION_OF_NEUROLOGICAL_SYSTEM_PROCESS	0.00054509714114679	0.00631404188495031	0.477270815362862	-0.706072948050617	-1.69227071003507	60	CARTPT,TNR,AGT,OPRK1,ADRA2C,GRIN2D,PAWR,CHRNB4,WASF3,MGLL,PTEN,ITGA2,GRIN2A,DICER1
GO_REGULATION_OF_NEURON_PROJECTION_DEVELOPMENT	0.0209497206703911	0.0946995503474588	0.376039306993639	-0.424803914211756	-1.25925510625834	393	GOLGA4,GPRC5B,TNR,VEGFA,VIM,GFI1,CHRNA3,ITM2C,OLFM1,FMR1,PREX1,ASAP1,METRN,NEFL,APOE,SPHK1,SHOX2,SERPINE2,ID1,SCN1B,SEMA6A,ADCYAP1,SDC2,SKIL,CRABP2,SEMA6B,B2M,TNIK,GRN,CIB1,CNTN1,CUX2,TNFRSF12A,ARHGAP4,SPOCK1,SEMA3A,CAMK2B,PAK3,NTRK1,BDNF,LRRC4C,PMP22,NRP1,RIMS1,LPAR3,PTN,RAP1GAP2,ENC1,NEU1,TBR1,KANK1,CDKL5,SGK1,DSCAM,PTEN,CNTN2,ITSN2,EPHB2,GRID2,PTPRD,MAGI2,PRKCI,SEMA3F,SETX,CNR1,NPTN,TMEM30A,ADNP,EEF2K,PAFAH1B1,WDR36,SEMA5A,EFEMP1,NEDD4,WNT7A,SYT4,MEF2C,TRPV4,ARHGAP35,ABL2,BMP7,LRP4,ADCY6,SLIT3,CXCL12,CAPRIN2,PTK2,KIDINS220,PLXNA2,AVIL,LRP8
GO_WOUND_HEALING	0.000717699099822207	0.00755393394253317	0.477270815362862	-0.463132877268698	-1.37432020681335	426	GNAS,CD40,CD9,PAPSS2,DOCK8,DSP,FBLN1,CBX5,PRKCH,IGF2,COL1A2,SPARC,FZD7,TIMP1,TGFB1,SERPINE2,ADRA2C,H3F3B,SDC2,ZFPM1,NOTCH1,PRKCA,ACTN1,DCN,ELK3,NACA,PDGFC,PLCG2,TIMP3,FZD6,LMAN1,F10,HIF1A,PRKCE,TFPI2,RCOR1,F5,GPR4,ERBB3,VAV3,MERTK,DDR1,PRKAR1A,COL1A1,AHNAK2,JMJD1C,AP3B1,SMAD3,DOCK6,CDH3,PTPN11,P2RY1,DTNBP1,HBEGF,SERPING1,P2RX1,TGFB3,ITPR2,RHOC,ENPP4,GNAQ,C1GALT1C1,DGKD,MIA3,COL5A1,PROS1,NINJ1,PIK3CB,MAPK1,ITGA2,PRKAR2A,MYOD1,GATA4,CYR61,NF1,DGKE,TYRO3,PTPN12,WNT5B,CAV3,PIK3R1,GATA2,PRKCQ,MYOF,WNT7A,GLI3,GSN
GRADE_COLON_AND_RECTAL_CANCER_UP	0.00889600423517056	0.0531847134919874	0.380730400722792	0.426871227611896	1.2989437042696	270	HNRNPK,H2AFZ,ETS2,RHEB,CNBP,PPIA,ICA1,HOXB5,PERP,PDCD6,TPI1,MCM7,CARHSP1,CSNK1E,PSMA2,EIF4A1,PSMB7,SET,SERPINB5,DDX39A,ENOPH1,PSMB3,SSRP1,POMP,CHCHD2,DRG1,SH3GL1,CKS2,LAPTM4B,POLR1D,GTF3A,BPHL,METTL5,UBE2N,OLA1,PXDN,THY1,RMI2,MTHFD2,PSMB1,PSMA1,ZFAND1,HMGB2,MLST8,GSK3B,AZGP1,NIT2,CCDC92,COL4A1,COPS8,CDC25B,MCM2,LAMP1,MCM5,AAMP,ZDHHC9,HNRNPA2B1,LDHB,RCC1,HNRNPD,FDFT1,CCDC85B,SRSF2,PAFAH1B3,POLR2D,DUSP18,ABCB8,CEP57L1,HNRNPA1,WDR74
GRESHOCK_CANCER_COPY_NUMBER_UP	0.0118053740567678	0.0627427157579755	0.380730400722792	-0.450618796924688	-1.30080601502281	314	CCND2,GNAS,CDK6,CBFA2T3,NPM1,PHOX2B,MAFB,LMO1,KTN1,ETV4,HSP90AB1,HSP90AA1,NOTCH1,CDH11,CDH1,NACA,RANBP17,FGFR3,TLX3,TRIP11,HMGA2,TPR,HOXA11,MALT1,TOP1,GMPS,NTRK1,CLTC,MLLT3,ACSL6,GOPC,SEPT9,CBFB,SUZ12,CYLD,PRKAR1A,COL1A1,EXT1,APC,PTPN11,MSH6,PRDM16,PTEN,MAML2,CCDC6,MN1,DDIT3,MYC,MYCN,ALK,RNF213,TET1,ARHGAP26,NSD1,HOXA9,KAT6B,HOXA13,FOXO1,FANCF,CCND1,NF1,FOXO3,SMAD4,BCL11B,HIP1,ATM,NIN,ABL2,AFF4,ERCC4,HOXC13,HLF,ARNT,KDSR,BMPR1A,PER1,ARHGEF12,VHL,AFF3,SMO,PLAG1,NUP214,FGFR2,BRCA1,RAD51B,STIL,HOXC11,FANCA,BRCA2,NUP98,ETV1,REL,WT1,HNF1A
GSE33513_TCF7_KO_VS_HET_EARLY_THYMIC_PROGENITOR_UP	0.00281657706755594	0.0226958963704508	0.431707695803346	-0.537055270496602	-1.46804747521434	173	PHLDA1,DSP,KCNK1,HLA-B,DACH1,SASH1,SERTAD1,UPP1,PTPRM,ASCC3,BICD1,OSBPL3,NRP1,TMEM64,SLC23A2,FURIN,SRPX,SLC4A4,ALDH1A2,SAR1B,WDR43,TDRD9,DDIT3,SCARA3,DLG1,MGAT4A,RBL2,SIX3,JAG1,EDIL3,AAK1,NWD1,PSD2,TGFBR1,RBPMS2,FERMT2
HALLMARK_ANGIOGENESIS	0.0130776502986439	0.0669484470490106	0.380730400722792	-0.689651546887206	-1.50574169506196	35	CCND2,VCAN,VEGFA,TIMP1,FSTL1,CXCL6,JAG2,NRP1,ITGAV,JAG1,SLCO2A1,PTK2
HALLMARK_APOPTOSIS	0.0034633884510481	0.0267450552608714	0.431707695803346	-0.530024075400313	-1.43127085443232	157	CCND2,IGFBP6,BGN,IER3,TIMP1,TIMP2,BMP2,SAT1,CLU,DCN,CDKN1A,LGALS3,TIMP3,NEFH,PMAIP1,TNFRSF12A,KRT18,GADD45A,MGMT,CD44,MMP2,PDCD4,ERBB3,CYLD,DNAJA1,XIAP,TGFBR3,ROCK1,BNIP3L,TAP1,DDIT3,GPX3,CCND1,SMAD7,SQSTM1,TNF,GSN,HSPB1,PTK2,FDXR,SATB1,CFLAR,LMNA,GSR,BRCA1,DNAJC3
HALLMARK_COAGULATION	0.00449195782788107	0.0315336691338254	0.407017918923954	-0.545774707827518	-1.43630223830015	128	CD9,GNG12,DUSP6,LAMP2,APOC1,SPARC,TIMP1,HTRA1,S100A1,CLU,DPP4,TIMP3,F10,TFPI2,S100A13,CFD,MMP2,DUSP14,MMP14,FURIN,P2RY1,SERPING1,CTSH,PROS1,ITGA2,THBS1,GSN,BMP1,HNF4A,F3,FBN1,LGMN
HALLMARK_DNA_REPAIR	0.000451957893873391	0.0053655237286695	0.49849310876659	0.557873443615394	1.58524565021605	142	RBX1,COX17,SAC3D1,POLR2F,GPX4,POLR2E,SDCBP,POLR2J,NME3,POLR2K,CSTF3,SSRP1,TAF6,POLR1D,DGUOK,POLR2G,UMPS,FEN1,TSG101,GTF3C5,ADRM1,DDB2,SEC61A1,SURF1,POLR2D,CLP1,MPG,TP53,TAF12,TMED2,VPS28,NCBP2,ARL6IP1,POLR3GL,POLR2I,SUPT4H1,POLR2H,DGCR8,TARBP2,RALA,DDB1,DAD1,EDF1,ERCC3
HALLMARK_E2F_TARGETS	0.0106783324627947	0.0618453421803524	0.380730400722792	0.461202318481459	1.36033739516697	198	H2AFZ,HN1,ESPL1,PHF5A,NAA38,TUBB,STMN1,XRCC6,UNG,MCM7,KIF22,POP7,CDKN2C,DDX39A,TUBG1,CENPM,RANBP1,SSRP1,CKS2,TRA2B,CDKN2A,UBE2S,MTHFD2,HMGB2,PPP1R8,RNASEH2A,CDC25B,MCM2,MCM5,CKS1B,HMGB3,PSMC3IP,HNRNPD,ILF3,SRSF2,ASF1A,NASP,SPC24,DCTPP1,TP53,DNMT1,MAD2L1,POLD2,EZH2,CDC20,KPNA2,ASF1B,UBE2T,SPC25
HALLMARK_EPITHELIAL_MESENCHYMAL_TRANSITION	1.64463301411063e-05	0.00031531584684328	0.575610261071129	-0.609004200637517	-1.68889754833853	196	VCAN,VEGFA,VIM,PPIB,INHBA,DST,PMEPA1,MATN2,FBLN1,EMP3,IGFBP2,COL1A2,COL16A1,SPARC,SLC6A8,BGN,TIMP1,TGFB1,SERPINE2,HTRA1,FSTL1,SAT1,CRLF1,CXCL6,CTHRC1,MGP,CDH11,DCN,COL6A2,SGCD,SFRP1,TIMP3,TNFRSF12A,TNFRSF11B,SPOCK1,TFPI2,GADD45A,CXCL1,CD44,MMP2,BDNF,GEM,PMP22,PDLIM4,COPA,PCOLCE2,MMP14,SERPINH1,COL1A1,WIPF1,CALU,FBLN2,APLP1,TGFBR3,ITGAV,CAP2,COL5A1,FOXC2,PLOD2,ITGA2,CYR61,CALD1,SGCG,LAMA1,TGFBI,THBS1,EDIL3,LOXL1,BMP1,SLIT3,CXCL12,PLOD1
HALLMARK_FATTY_ACID_METABOLISM	0.0102329297328271	0.0598895676994934	0.380730400722792	0.483442893597082	1.38385286342497	150	YWHAH,H2AFZ,ACAA2,GCDH,GAD2,XIST,UBE2L6,MIF,PTS,GLUL,MDH2,NTHL1,PSME1,BPHL,APEX1,ENO2,CBR1,ACAT2,ECI1,ACO2,NCAPH2,ELOVL5,SDHD,ADSL,GSTZ1,LGALS1,ACADM,ALDH1A1
HALLMARK_HYPOXIA	0.00328429016423892	0.025719230018547	0.431707695803346	-0.515234564953565	-1.43182264839504	195	GPC3,VEGFA,PGF,NR3C1,P4HA2,PLIN2,BGN,IER3,IDS,SDC2,PRKCA,DCN,PFKP,KDELR3,RORA,CSRP2,GALK1,HSPA5,CDKN1A,HK1,PPP1R3C,ANGPTL4,AK4,RRAGD,IRS2,ZNF292,KDM3A,ERRFI1,P4HA1,MAP3K1,FAM162A,LXN,BCAN,SRPX,PDK3,EXT1,LDHA,GPC4,TGFB3,PPFIA4,BNIP3L,MXI1,HEXA,DDIT4,DDIT3,COL5A1,AMPD3,ATP7A,PGM2,CYR61,GAA,FOXO3,CDKN1C
HALLMARK_IL2_STAT5_SIGNALING	7.53719922251321e-05	0.00119733793363353	0.538434096309916	-0.578911274257783	-1.608778467664	195	CCND2,CD81,PHLDA1,PLIN2,ETV4,PRKCH,SHE,GSTO1,BMP2,DHRS3,S100A1,CTSZ,SPRY4,IL4R,RORA,PLAGL1,ANXA4,SNX9,RRAGD,GLIPR2,SOCS1,SMPDL3A,LCLAT1,CD44,IGF1R,PNP,NRP1,P4HA1,RGS16,HUWE1,PRNP,SPRED2,PENK,FURIN,COL6A1,SERPINB6,MYO1E,TTC39B,APLP1,SLC1A5,SWAP70,ITGAV,PHTF2,MYC,IRF8,MXD1,NCOA3,CDCP1,BATF3,CDKN1C,ABCB1
HALLMARK_IL6_JAK_STAT3_SIGNALING	0.000157633773846915	0.00236876697996985	0.518848077743792	-0.672467489640898	-1.69672500288565	87	CD9,TGFB1,IL4R,CNTFR,PDGFC,ITGA4,TNFRSF12A,SOCS1,CXCL1,CD44,IL6ST,ACVR1B,PTPN11,STAT3,IL13RA1,TNF,IL18R1,INHBE,IL17RA,PTPN2,TNFRSF1A,LEPR,CXCL3,STAM2,JUN
HALLMARK_INFLAMMATORY_RESPONSE	0.00530535302204966	0.0351163842888049	0.407017918923954	-0.508709823304131	-1.40937967244444	192	GPC3,CD40,OPRK1,INHBA,FFAR2,EMP3,SPHK1,TIMP1,SCN1B,CXCL6,ATP2B1,IL4R,CDKN1A,RASGRP1,KCNJ2,HIF1A,RGS16,MMP14,ACVR1B,RNF144B,SLC4A4,BST2,HBEGF,ABCA1,MYC,ATP2A2,LY6E,MXD1
HALLMARK_KRAS_SIGNALING_UP	0.00317200952207113	0.0251948184895936	0.431707695803346	-0.510138821146442	-1.40985523719186	191	CCND2,TPH1,GPRC5B,PEG3,INHBA,DUSP6,MAFB,ETV5,ETV4,EPB41L3,IGF2,BMP2,SCN1B,SCG3,PSMB8,PCSK1N,ANGPTL4,TSPAN7,GNG11,NRP1,RGS16,SOX9,MAP3K1,ALDH1A2,HBEGF,EPHB2,STRN,SPRY2,IRF8,MYCN,ITGA2,PLEK2,ST6GAL1,ABCB1,HKDC1,ALDH1A3,WNT7A,PRKG2,NIN,TSPAN1,DCBLD2,SNAP91
HALLMARK_MYC_TARGETS_V1	3.60318225288467e-05	0.000667789777534625	0.557332238758646	0.567306191085948	1.65084560152928	183	YWHAQ,PABPC1,YWHAE,H2AFZ,LSM7,SNRPD2,HDAC2,CNBP,PPIA,TXNL4A,PSMB2,SRM,XRCC6,MCM7,PSMD3,PSMA2,EIF4A1,NHP2,SSBP1,SET,SNRPG,TFDP1,HDGF,PSMB3,RANBP1,COPS5,HNRNPC,COX5A,PSMA7,TRA2B,RNPS1,EIF4G2,EIF4E,APEX1,EIF4H,LSM2,CLNS1A,CYC1,PSMA1,PSMA6,SNRPA,ILF2,SNRPD1,EIF3D,SF3A1,MCM2,MCM5,TCP1,HNRNPA2B1,HNRNPD,SLC25A3,VDAC3,SRSF2,HNRNPA1,DHX15,HSPE1,POLE3,STARD7,EIF1AX,MAD2L1,POLD2,NCBP2,PRPF31,CDC20,KPNA2,TARDBP,NOP16,TRIM28,CBX3,IFRD1,RAD23B,PHB,C1QBP,SRSF1,RRM1,CDK2,PSMD14
HALLMARK_OXIDATIVE_PHOSPHORYLATION	1.25229973614845e-09	8.7258566881476e-08	0.788186810800237	0.662955192067887	1.94025004064511	189	UQCR11,SLC25A6,NDUFS8,COX7A2,COX8A,COX17,COX5B,ACAA2,COX6A1,COX6C,TIMM13,TIMM8B,ATP5L,ATP5J2,ATP5J,CYB5A,CYB5R3,ATP5I,IDH2,POLR2F,GPX4,ATP5E,NDUFA7,NDUFA6,NDUFA4,NDUFA3,NDUFB7,NDUFB1,NDUFB4,MGST3,UQCRQ,NDUFB3,ATP5O,UQCRB,NDUFA8,MDH2,UQCR10,TOMM22,ATP5C1,ATP5G1,NDUFB2,ATP6V1G1,NDUFS3,TIMM10,NDUFS7,SDHB,NDUFC2,COX5A,NDUFA5,ATP5D,ECI1,CYC1,ACO2,UQCRH,ATP5A1,NDUFB6,NDUFV1,ATP5G3,NDUFA1,SDHD,ACAT1,FDX1,COX7C,ACADM,COX6B1,ATP6V1E1,MTX2,LDHB,SLC25A3,SURF1,ATP6V0B,VDAC3,CYCS,ATP5F1,NDUFS6,IDH1
HALLMARK_SPERMATOGENESIS	0.00614967671673562	0.0397583750523838	0.407017918923954	-0.55024327548914	-1.43964815484588	121	GFI1,POMC,SHE,HSPA2,CSNK2A2,ADCYAP1,CAMK4,SCG3,TLE4,PCSK1N,NEFH,ADAD1,ACTL7B,TCP11,GSTM3,SLC12A2,SIRT1,HSPA4L,TOPBP1,PRKAR2A,AGFG1
HALLMARK_TGF_BETA_SIGNALING	0.00836015433842761	0.0510796243095137	0.380730400722792	-0.656241574323256	-1.54732094668912	54	PMEPA1,TGFB1,BMP2,ID3,ID1,RAB31,SKIL,CDH1,WWTR1,LTBP2,TJP1,FURIN,SMAD3,APC,XIAP,CDKN1C,SMAD6,SMAD7,BCAR3,THBS1,NCOR2,SPTBN1,SMURF2,TGFBR1,BMPR1A,SKI,PPM1A
HALLMARK_TNFA_SIGNALING_VIA_NFKB	0.0128136581434889	0.0665831208203721	0.380730400722792	-0.488329978496888	-1.35705554452683	195	VEGFA,PHLDA1,PHLDA2,INHBA,PMEPA1,KLF2,SPHK1,IER3,BMP2,SAT1,CXCL6,KLF9,ATP2B1,HES1,CDKN1A,DUSP5,NFAT5,LAMB3,IRS2,GADD45A,CXCL1,CD44,IL6ST,GEM,SMAD3,HBEGF,SGK1,CEBPB,ABCA1,TAP1,MYC,NINJ1,EGR1,NR4A1,IER5,MXD1,CYR61,CCND1,JAG1,SQSTM1,TNF
HALLMARK_UV_RESPONSE_DN	0.00401319912793624	0.0299899441984926	0.407017918923954	-0.542361729379347	-1.44865873941584	141	NR3C1,FHL2,COL1A2,SYNE1,ID1,RND3,SDC2,LTBP1,ATP2B1,CELF2,PRKCA,ATRX,GRK5,NEK7,ANXA4,PHF3,PTPRM,PLCB4,PRKCE,MGMT,RXRA,IGF1R,TJP1,MGLL,BDNF,ATRN,PMP22,NRP1,AGGF1,SCN8A,COL1A1,SMAD3,NIPBL,ATP2B4,SCHIP1,PTEN,TGFBR3,IRS1,CAP2,MAGI2,MYC,CDC42BPA,AKT3,ADD3,DLG1,CYR61,RBPMS,HAS2,SMAD7,EFEMP1
HOLLEMAN_ASPARAGINASE_RESISTANCE_ALL_DN	0.0199370425053743	0.0931512238066228	0.352487857583619	0.757487686558405	1.56435477720021	21	RAB5C,PPIA,SUMO2,SNRPG,MARCKS,CCNI,PSME3,ZNHIT3,MED28,ARF6
HSIAO_HOUSEKEEPING_GENES	8.12670808552025e-06	0.000188268737314552	0.593325476396405	0.509511190052952	1.57083523724491	321	HNRNPK,YWHAQ,YWHAH,PABPC1,PTP4A2,FTH1,H2AFZ,SLC25A6,COX7A2,COX8A,RAC1,DHPS,COX6A1,COX6C,HMGN2,SNRPD2,BUD31,YBX1,CFL1,OAZ1,PPIA,MLF2,CYB5R3,TXN,AES,ACTB,TUBB,STMN1,MTRNR2L8,POLR2L,GPX4,NDUFA4,ANXA2,PSMB5,PSMB2,EIF1,GSTP1,CIRBP,PFN1,SARS,SEPW1,CAP1,XBP1,EIF4A1,GLUL,ATP5O,UQCRB,SET,TAGLN2,ATF4,DDX5,UBC,GAPDH,ATP5C1,MGST2,ATP5G1,PSMB3,ITPK1,CSNK2B,GDI2,UBE2D3,HNRNPC,TRAF4,ARPC2,NFIB,ISG20,PSME1,EIF4G2,EEF2,MT2A,PSMB6,DDT,SEC61B,NEDD8,APEX1,EIF4H,RHOA,MARCKS,ITGB1,UQCRH,SF3B2,YWHAZ,CCNI,ATP5A1,NDUFA12,GNB1,MYH9,EEF1G,MAZ,ATP5G3,VPS72,PTMA,PLP2,PSMC1,SF1,LAMP1,FTL,PSMD2,AAMP,LGALS1,COX7C,ARF1,COX6B1,MORF4L2,CSTB,HLA-DPA1,LDHB,UBE2C,FYN,SLC25A3,SURF1,PTPN6,HLA-DRA,CAPNS1
HUANG_DASATINIB_RESISTANCE_UP	0.000867430504531991	0.00831536828482391	0.477270815362862	-0.643711371255564	-1.5922391006698	79	CAST,GNG12,POPDC3,ELL2,MYO10,FSTL1,FXYD5,PSMB9,ELK3,PDGFC,ST5,CDC42EP3,UPP1,PSMB8,LAMB3,SH3KBP1,RAI14,PRNP,EXT1,LARP6,MAML2,LAYN,EPHB2,COL5A1,KCTD12,CALD1,JAG1,TGFBI,SOCS5,CCDC50,DCBLD2,ZYX,PTRF,F3,NNMT,LIMA1
INGRAM_SHH_TARGETS_DN	0.013364677157794	0.0675523681793952	0.380730400722792	-0.643528991715923	-1.52506349029416	56	VCAN,C2ORF40,PRDX4,MAGED2,EMB,SPARC,CRLF1,CLU,SERTAD1,POU3F1,SFRP1,ANGPTL4,ENDOD1,PTN,COL1A1
INGRAM_SHH_TARGETS_UP	0.000175239174905942	0.00251679278417316	0.518848077743792	-0.627175390581011	-1.63179380544238	117	ZFP36L1,NR3C1,POMC,RASSF8,KLF9,OLFML2B,MGP,SPRY1,DCN,HES1,RORA,KLB,NID1,GADD45A,IGF1R,BDNF,PMP22,MAP3K1,IFI27L2,PLTP,PENK,SLC12A7,GPC4,GPR155,MR1,IGFBP7,NR4A1,ADD3,ZCCHC9,CDC42EP1,AFF4,NCOA6,TEK,DOCK5,FOXD1,FBN1
JIANG_HYPOXIA_NORMAL	0.00161264535991337	0.0137943203094128	0.45505986738723	-0.487932464968576	-1.40647363862209	288	CCND2,CD9,ZFP36L1,PLIN2,ELL2,NEFL,TIMP1,BLVRB,GXYLT1,TCEA3,HSP90B1,SAT1,H3F3B,EIF4B,P4HB,SCD,IGF2BP2,TMEM38A,PDGFC,HSPA5,STOM,UPP1,ANXA4,USP9X,PPP1R3C,SNX9,PJA2,DPP4,MFGE8,ANGPTL4,BNIP3,AGPAT2,AK4,TOMM20,HIF1A,SESN2,CFD,IKBIP,FASN,KLHL36,P4HA1,SERTAD2,CANX,HOXA4,FAM162A,KREMEN1,EIF2S2,NCL,HNRNPU,KPNA4,STAU1,LARP6,BNIP3L,MXI1,GAL3ST1,PSMD6,TMEM30A,PLOD2,SRRM2,MYOD1,ADD3,RER1,SMG1,CDCP1,PTPN12,MAGT1,UBE2O,RYBP,SIRPA,FAM189A2,ARL1
JOHNSTONE_PARVB_TARGETS_3_UP	0.000586402450097582	0.00665387269906644	0.477270815362862	-0.476243970914036	-1.41111850139875	405	CD9,VIM,PDK4,PEG10,PHLDA1,DPP7,PLIN2,DSP,ATP1A1,LGALS3BP,AQP3,MLEC,CREG1,ACLY,TIMP1,TIMP2,HLA-B,HLA-C,RCN1,PYGL,PTGR1,HTRA1,HLA-E,CST3,FXYD5,CLU,P4HB,SCD,PSMB9,ARHGAP5,TNIK,GRK5,GRN,DUSP5,ANXA4,LIPG,TTC7B,RNASET2,SLC25A37,S100A16,PMAIP1,NT5DC1,VAMP8,NANOS1,PHF10,MORC4,ERRFI1,CDC42EP2,ABCC3,ABHD14B,LIPA,SEPT9,OSBPL3,PDCD4,DAAM1,GNS,HUWE1,PLA2G16,PRNP,ECE1,ORAI3,NAV1,SRPX,AHNAK2,SMAD3,SEC16A,PBXIP1,CRTAP,ATP2B4,AGRN,TNKS2,CEBPB,STX16,ABCA1,ATXN7,DDIT4,FHOD3,ALDH3A2,DYNC1H1,CTSD,LOXL4,ITGA2,ARHGAP26,ADD3,CALD1,CCND1,CDCP1,GAA,HLA-F,MAP4,JAG1,ECH1,CLIP4,TGFBI,TKT,SQSTM1,TOB1,MYOF,THBS1,CTSA,TRIO,SEZ6L2,GSN,UACA,ATM,CCDC3,SPTBN1,HLA-DMA,CD58
KEGG_HUNTINGTONS_DISEASE	9.61972112447173e-08	3.8204035322902e-06	0.704975715167238	0.643394002706303	1.8608265153171	171	UQCRHL,UQCR11,SLC25A6,NDUFS8,COX7A2,COX8A,COX5B,COX6A1,COX6C,HDAC2,ATP5J,POLR2L,POLR2F,POLR2E,ATP5E,NDUFA7,NDUFA6,NDUFA4,NDUFA3,NDUFS5,NDUFB9,NDUFB7,NDUFB1,NDUFB4,IFT57,TBPL1,POLR2J,UQCRQ,NDUFB3,POLR2K,ATP5O,UQCRB,NDUFA8,AP2M1,UQCR10,ATP5C1,ATP5G1,DNAL4,NDUFB2,NDUFS3,DNALI1,NDUFS7,SDHB,NDUFC2,COX5A,NDUFA5,ATP5D,CYC1,POLR2G,UQCRH,ATP5A1,NDUFB10,NDUFB6,NDUFV1,ATP5G3,NDUFA1,SDHD,COX7C,COX6B1,VDAC3,AP2S1,POLR2D,CYCS,AP2B1,ATP5F1,NDUFS6,TP53,COX7B,NDUFA9,NDUFV3,HDAC1
KEGG_JAK_STAT_SIGNALING_PATHWAY	0.0172303902098669	0.082220314883751	0.352487857583619	-0.515272793342507	-1.36128916263752	130	CCND2,SPRY4,IL4R,SPRY1,CNTFR,SPRED1,SOCS1,IL6ST,SPRED2,PTPN11,STAT3,IL11RA,MYC,IL13RA1,SPRY2,PIK3CB,AKT3,CCND1,PIK3R1,SOS2,SOCS5,IL6R,SOS1
KEGG_OXIDATIVE_PHOSPHORYLATION	1e-10	1.29966163012609e-08	NA	0.769780671273314	2.11524728290597	114	UQCRHL,UQCR11,NDUFS8,COX7A2,COX8A,COX17,COX5B,COX6A1,COX6C,ATP5L,ATP5J2,ATP5J,ATP5I,ATP5E,NDUFA7,NDUFA6,NDUFA4,NDUFA3,NDUFA11,NDUFS5,NDUFB9,NDUFB7,NDUFB1,NDUFB4,UQCRQ,NDUFB3,ATP5O,ATP6V0E2,UQCRB,NDUFA8,UQCR10,ATP5C1,ATP5G1,NDUFB2,ATP6V1G1,NDUFS3,NDUFS7,SDHB,NDUFC2,COX5A,NDUFA5,PPA2,ATP5D,CYC1,UQCRH,ATP5A1,NDUFB10,NDUFB6,NDUFV1,ATP5G3,NDUFA1,SDHD,COX7C,COX6B1,ATP6V1E1
KEGG_PARKINSONS_DISEASE	2.15091585026487e-09	1.32878801416363e-07	0.774939030136436	0.738860785776616	2.02991792304362	113	UQCRHL,UQCR11,SLC25A6,NDUFS8,COX7A2,COX8A,COX5B,COX6A1,COX6C,ATP5J,ATP5E,NDUFA7,NDUFA6,NDUFA4,NDUFA3,NDUFS5,NDUFB9,NDUFB7,NDUFB1,NDUFB4,UBE2L6,UCHL1,UQCRQ,NDUFB3,ATP5O,UQCRB,NDUFA8,UQCR10,ATP5C1,ATP5G1,NDUFB2,NDUFS3,NDUFS7,SDHB,NDUFC2,COX5A,NDUFA5,ATP5D,CYC1,UQCRH,ATP5A1,UBE2J2,NDUFB10,NDUFB6,NDUFV1,ATP5G3,NDUFA1,SDHD,COX7C,COX6B1,PINK1,VDAC3,SNCAIP,CYCS,ATP5F1,NDUFS6,COX7B,NDUFA9,NDUFV3
KEGG_SPLICEOSOME	0.000353304702170533	0.00456831196294922	0.49849310876659	0.582644018669306	1.63111591425416	123	HNRNPK,LSM4,LSM7,SNRPD2,BUD31,SNRPE,SNRPF,PHF5A,NAA38,HSPA8,TXNL4A,SF3A2,LSM5,SNRPG,DDX5,PUF60,SRSF9,HNRNPM,ZMAT2,HNRNPC,PRPF19,TRA2B,SNRNP40,LSM2,SNRPC,PPIE,SNRPA,SF3B2,HNRNPA1L2,SNRPD1,SRSF4,ISY1,SF3A1,WBP11,MAGOHB,TRA2A,SYF2,SART1,SRSF2,PRPF18,HNRNPA1,DHX15,CWC15,SF3B4,U2AF2,RBM17
KIM_MYC_AMPLIFICATION_TARGETS_UP	1.09959923867391e-05	0.000226435991371369	0.593325476396405	-0.624950062634008	-1.70830901768555	173	CHGB,PDHA1,NOP56,PPP1R17,MCC,NEFL,NEFM,NEUROD4,NHLH1,AQP3,SLC25A5,ACLY,CITED4,RGS10,DACH1,SEMA6A,SUCLG1,PGRMC1,FAM89A,CNTN1,TTC7B,SGCD,EPT1,ITGA4,SLC19A2,PRDX6,HSPD1,ATP2B2,NRP2,LRPPRC,ABCC3,PNP,RAPGEF5,GATM,TMEM64,NDUFAF2,PCOLCE2,EIF2S2,NCL,AKAP13,PVT1,LAMB1,ETFA,SLC16A1,RABEPK,MXI1,MYC,ARHGEF6,ALDH3A2,EIF3J,EEF2K,FAM69B,PGM2,CD163L1,SHC3,CLIP4
LCNEC_CCLE	5.5580273696905e-05	0.000936443399256944	0.557332238758646	-0.66451637560786	-1.69661025013424	99	CAST,EMP3,PYGL,PLIN3,ELK3,SNAPC1,DUSP5,UPP1,HMGA2,SPRED1,FEZ2,EIF2AK4,TRAF3,SERPINB6,EPB41L2,CRIM1,THOC7,PROS1,ADAMTS6,FLNC,FAM210A,ZCCHC9,NEDD4,BAG3,BMS1,IL18R1,GNPDA1
LECTINpos_KRT5pos_BASAL	1.88226343422398e-06	5.52000095923678e-05	0.643551836150722	-0.542344137183769	-1.59551185428625	374	GFRA1,GPRC5B,PDK4,NRXN1,PLXDC1,DST,LTBP4,LMO1,MATN2,FBLN1,APOC1,APOE,EMP3,AQP3,ETV4,IGF2,SNCG,COL16A1,SPARC,SLC6A8,TGFB1,RGS10,HTRA1,FSTL1,RND3,CRLF1,NOTCH1,SPRY1,PDGFC,CDC42EP3,LAMB3,SFRP1,DLK2,JAG2,SHMT2,PLCH2,PDZD2,TGIF2,TSPAN6,HUNK,TMEM64,PTN,VAV3,MPDZ,CHSY1,ITM2A,TMEM59L,WIPF1,CDH3,EPHB4,P2RY1,BCAM,KCTD15,LARP6,PTGS1,ARTN,ABCA1,SCHIP1,PRIM1,TGFBR3,GRID2,MYC,ST3GAL2,FHOD3,AMPD3,EEF2K,IGFBP7,SHF,LOXL4,UNC5A,TSPAN15,ZFP36L2,MYO5A,LYSMD2,CALD1,FOXO1,CPNE8,ELOVL4,BNIP2,LAMA1,WNT5B,HIPK3,THBS3,PTPN14,TGFBI,PCDH19,EFEMP1,SLCO2A1,THBS1,SCEL,BCL11B,BACH2,HIP1,CCDC3,LGALS7,BMP7,LRP4,BMP1,TGFB1I1,CPXM2,HLF,KIF11,SATB1,SLC47A1,KCNH1,TPBG,SLC7A6,DEFB1,ARMCX6,TNNI2,LAMA3,AFF3,EVC2
LEE_LIVER_CANCER_SURVIVAL_DN	0.0120046213033175	0.0629676362702313	0.380730400722792	0.483666252773169	1.37977301827761	147	YWHAQ,YWHAH,HN1,WDR34,RBX1,HMGN1,HDAC2,B3GNT5,NAA38,KRT19,SUMO2,TUBA1B,HIST1H4C,MCM7,NTS,KLF5,KIF5B,FABP5,SET,SNRPG,ACTL6A,DYNLT1,ATP5C1,SMC2,HNRNPC,CKS2,RWDD1,METTL5,ACTR3,PRMT2,KRT10,RMI2,MTHFD2,MFSD10,MARCKS,HMGB2,PRMT1,TPRKB,RCC2,PTMA,PLP2,MCM2,KHDRBS1
LIM_MAMMARY_STEM_CELL_DN	0.00425269109748244	0.030707743509094	0.407017918923954	0.41643666568768	1.30058585659574	400	BIK,RAB3IP,KLF6,CLDN3,KRT19,ICA1,CD24,NDUFA7,FOXA1,TPD52,PKN1,NIPSNAP3A,RHBDD2,SLC37A1,ZDHHC12,GCA,GLUL,ATP6V0E2,SGSM3,STAP2,CLDN4,ARPC1A,BAIAP2L1,AP1M2,GBAS,TSPAN17,KLK11,WRB,CLDN7,DHCR7,DERA,GRB7,DECR2,ISG20,PSME1,ABHD11,PPA2,HIST2H2BE,PGD,TM7SF2,WFDC2,RNASEH2B,ST14,RNASEH2A,RAB25,LRBA,ESRP1,FAAH,TSG101,HDHD3,FADD,ATP6V1E1,HDAC10,RASSF7,SNRNP35,ZFAND2B,MANSC1,CHCHD5,HTATIP2,KRT8,PTPN6,PAFAH1B3,AKIP1,TOM1L1,MUC1,AP1G2,RNF130,IFNGR2,SPINT1,GIPC1,EPB41,ALKBH6,SNX10,TMEM128,ELF3,SH3BP2,NDUFV3,TMEM125,SDCBP2,STXBP2,TMEM9B,SUSD4,MLPH,TUFT1,DCLRE1C,TBC1D8,COASY
LNEP_gt10FC	0.00126221040323798	0.0110770779078377	0.45505986738723	-0.482941796236902	-1.4128272396568	353	GPC3,CD81,VEGFA,NRN1,ITPRIPL2,LMO1,LDLRAP1,APOC1,APOE,TMEM173,HRASLS,PRKCA,CAMK4,LAMB3,HIVEP2,DYNC1LI2,TSPAN7,TSHZ2,KCNJ2,NKAP,SALL3,MORC4,PUS7L,CXCL1,ABCC3,TMEM5,GEM,HUNK,HSPB8,CNTLN,AKAP7,NRP1,CLDN10,F5,SOX9,PTN,ANTXR1,MBTPS1,MMP14,ITM2A,CDS2,PON1,RMND5A,CASP8AP2,SLC22A15,PTGS1,AKAP11,SCHIP1,SWAP70,NRIP1,RAB11FIP2,QDPR,UHMK1,CNN2,SULT1E1,MKI67,PIK3CB,AGAP1,IGFBP7,SECISBP2L,ONECUT2,MIS18BP1,ARHGAP26,BEX2,ITCH,LIMD1,PTPN14,PANK3,NUS1,RBL1,LPCAT2,LRP4,BMP1,CXCL12,SLC39A8,HOXA3,PCYOX1,DEFB1,TEX15,LIMA1,ATP10D,PEX1,SKI,EVC2,CD302,TRNP1,BRCA1,RAB27B,WDR89,FANCM,TINAGL1,ERCC6L,QSER1,EGFL6,ATP11C
LOCKWOOD_AMPLIFIED_IN_LUNG_CANCER	0.000746148944891828	0.00768257061777511	0.477270815362862	0.510280219638387	1.50347133827846	199	NKX2-1,RAD23A,INPPL1,GCDH,MAF1,FJX1,NAA38,FOXA1,POLR2J,GNB2,PDCD6,LAMTOR1,MCM7,PPP1CA,KLC1,ZNF3,AP2M1,PUF60,TFDP1,HDGF,CDK5,GBAS,CAPZA2,SEC61G,DHCR7,TAF6,TPM3,PPP1R16A,DPP3,SIVA1,RMI2,PMF1,PAX9,ILF2,SNAPIN,FASTK,PRCC,COCH,TMEM134,MANBAL,SRD5A1,B4GALT3,BAZ1A,KCNH2,FADD,CALM1,CKS1B,PPP2R3C,LANCL2,SEC62,PC,COPS6,NDUFS6,YKT6,RBM4,TRIM44,ALKBH4,ABCF2,PSPH,PYGO2,SLC39A1,ZNF74,TUFT1,TSTA3
LU_EZH2_TARGETS_UP	0.000902849092140901	0.00850820500390408	0.477270815362862	0.479410088202649	1.43929767045835	248	LSM7,VOPP1,AKR1C2,BIK,TM4SF1,PSMC3,PHF5A,KLHDC3,PPP1R14B,PLEKHJ1,UBE2L6,MIEN1,PRKCDBP,NME3,PSMB7,NDUFA8,MYL6B,UQCR10,TOMM22,RUVBL1,CBY1,ZNHIT1,RPAIN,THOC6,TSPAN17,TCEB2,CLDN7,HCFC1R1,AP1S1,F11R,ENSA,PHGDH,CBR1,HSD11B1L,ACO2,ZMAT5,NCAPH2,CUTA,CENPV,TRIM47,ALKBH2,MAPK11,ENDOG,SHARPIN,ARL17B,KLHDC9,MICAL2,RHOF,S100A4,NUDCD3,ISOC2,ODF2,RPUSD1,MEX3D,TMEM216,TPM4,KRTCAP2,IRF7,NME2,WDR74
MARTORIATI_MDM4_TARGETS_FETAL_LIVER_DN	0.00102626926639074	0.0093541920018566	0.45505986738723	-0.461565482604362	-1.37982349071175	493	TMX4,OLFM1,ELL2,APOE,EPB41L3,CBX5,COL1A2,SHOX2,SLC25A5,SLC38A2,TIMP2,CITED4,ROCK2,ZFPM1,ATP2B1,DCN,ATRX,PCBP4,MEF2A,ARHGAP5,ST3GAL5,TTR,PLAGL1,TCF7L2,SFSWAP,TPR,PJA2,EPT1,SMC6,TBC1D2B,ACTR2,TGIF2,IL6ST,BDNF,COL4A3BP,NRP1,SNX5,TMEM64,MTDH,TBL1X,RCOR3,SUZ12,MMP14,GPBP1,TCF4,BCLAF1,ATXN7L3B,NCL,NHLH2,XPO1,NR2F1,COL1A1,SMAD3,SLC12A7,LEMD3,COL9A1,RMND5A,PTPRG,KANK2,XIAP,ANP32E,FZD1,QKI,PPP4R1,STAU1,AGAP3,PNISR,SUPT16H,EPB41L2,PTEN,OGFRL1,FAM46C,ZCCHC14,MIA3,SSR1,CLCN5,AP1G1,PRKCI,PPHLN1,ALDH3A2,SHC1,PRKAR2A,GATA4,ZFP36L2,ADD3,TSHZ1,SREK1,FUBP1,ATP8A1,FBXW11,DHX29,HIPK3,STARD4,MAGT1,PIK3R1,PANK3,FEM1B,GLI3,SNX2,USP22,ANGPTL2,PMPCA,THAP11,SLC39A8,ANAPC5,STK3,CAND1,PLXNA2,ARNT,TGFBR1,KIF11,RAB22A,SATB1,NFATC3,ENAH,POLA1,HDLBP,FERMT2,VCL,KAT2B,CUL3,ZFAND5,PLXNB2,ABCF1,ABCB7,ATF7IP,MDM4,FGFR2,MTM1,SLC39A10,CSNK1D,HMGCR,MATR3,FOXP1,EIF4G1,FBXW8,SEC23A,WDR26,CLPX,FAM172A,ATP11C,RBP4,DPF3,PARD6B,UTP15,F2R,DACT3,EIF5B,MAPRE1,CA2,KCTD20,ASB4
MASSARWEH_TAMOXIFEN_RESISTANCE_DN	0.0116797371303535	0.0627427157579755	0.380730400722792	-0.472805312438778	-1.32765638933376	226	GFRA1,OLFM1,IGSF1,PKIB,LAMP2,KAZN,FKBP5,CBX5,RBM24,PTGR1,RAB31,COL4A5,ATRNL1,MGP,MYO16,GCHFR,FGFRL1,ARHGAP36,ANXA6,PMAIP1,CD44,RXRA,IGF1R,PDCD4,CDV3,KCNJ3,TFAP2C,NAV1,AHSA2,PLIN5,RHOBTB3,ATP2B4,PTPRG,FZD1,SMPDL3B,DSCAM,LAGE3,DLG5,NRIP1,MAP3K12,IRS1,TSPYL2,COL5A1,ATP11A,TMEM164,RBM33,ADD3,MOCS2,ELOVL2,FOXO3,PIK3R1,MYOF,CCNG1,IRX3,IL27RA,HIP1
MILI_PSEUDOPODIA_CHEMOTAXIS_DN	0.0024651770430245	0.0201564475870827	0.431707695803346	-0.451685397367607	-1.34029857313913	419	CD9,GPRC5B,PDIA3,P4HA2,ANKRD11,LTBP4,MATN2,ATP1A1,COL4A6,COL16A1,FZD7,SLC38A2,ACLY,TIMP2,CLDN9,DHRS7,ADAMTS5,RRBP1,H3F3B,COL4A5,SCD,SOD3,RPN2,DCBLD1,HSPA5,GRN,PTPRA,SFSWAP,TIMP3,SPPL2A,GLG1,TRPS1,SLC19A2,TRMT6,NRP2,USP7,IGF1R,IL6ST,LHFPL2,NISCH,ATRN,NRP1,P4HA1,GNS,SNX5,UBE2B,PRNP,CLTA,PDIA6,SLC23A2,MMP14,DDR1,NEU1,LETMD1,BCLAF1,AHCTF1,CDS2,DZIP1,EPHB4,CALU,SLC16A1,RICTOR,PTGS1,FBLN2,EPB41L2,C1GALT1C1,AKR1B10,SF3B3,DDIT3,SEL1L,COL5A1,SEMA3F,SLC38A4,SLC2A10,LY6E,CALD1,GAA,THBS3,PCDH19,SLCO2A1,THBS1,ANGPTL2,DEGS1,BMP1,DNAJA2,SNRNP48,PLOD1,GLA,ITPRIP,SLC39A7,TPBG,F3,SLC7A6,DIDO1,TM2D3,VCL
MILI_PSEUDOPODIA_HAPTOTAXIS_UP	0.00748223714450168	0.0472741346857152	0.407017918923954	-0.431475779016589	-1.28871409329089	471	CCND2,GKAP1,NPM1,NR3C1,PPP1R12A,ANKRD11,ARMCX3,NFIA,SHOX2,TMEM167A,SEPT6,IGF2BP2,CELF2,CFL2,ESF1,ATRX,MEF2A,ARHGAP5,DNAJC15,SMCHD1,YES1,PJA2,FAM101B,DYNC1LI2,GMPS,SPRED1,ACSL4,TBC1D15,WWTR1,HIF1A,ACTR2,MIB1,RIOK3,KRR1,MB21D1,MLLT3,STAG2,BEND6,SLC4A1AP,CDV3,MBNL1,SNX5,AGGF1,GPBP1,EIF2S2,SMC3,BCLAF1,EDN3,XPO1,CD2AP,TIAL1,SKP1,OXR1,APC,NIPBL,CDC5L,TBC1D8B,HTATSF1,DNAJA1,KANK2,QKI,TNKS2,SMC5,C1D,CISD1,CDK12,PRIM1,ESCO1,OGFRL1,ROCK1,WDR43,PSMD6,KIF2A,STRN,THOC7,CYB5R4,PPHLN1,ZNF131,LTN1,PNPT1,NAE1,EIF3J,PAFAH1B1,STARD10,TLK2,DMXL1,LIMS1,EIF3E,COPS2,PTAR1,MYO5A,IRAK1BP1,EFR3A,PALLD,CENPB,GMFB,PPWD1,RNF115,AGFG1,STARD4,RBM41,CCNG1,PHLDB2,RYBP,CCNH,CFDP1,SMAP1,MUM1L1,CNOT2,AGTPBP1,CHMP2B,PIK3C2A,FAM179B,RPAP2,FNDC3A,DPP8,CENPK,ACBD5,HES5,POLA1,BTBD1,TRAPPC8,DNAJB4,CUL3,LGALSL,SOS1,ATE1,PKP4,ABCB7,PPP1CB,RASA1,RAB8B,SDPR,TANK,MATR3,NAP1L1,STYX,WDR26,USP46,PNO1,CUL4B,TRMT11,CTBP2,PTPN2,ZRANB2
MONNIER_POSTRADIATION_TUMOR_ESCAPE_DN	0.0173017569089908	0.082220314883751	0.352487857583619	-0.441282815219044	-1.28304685583541	339	CAST,NRARP,PPIC,DUSP6,SHOX2,STK17B,CLDN9,TMEM205,SULF2,ID1,FSTL1,RND3,S100A1,KLF9,CLU,SKIL,RASA4,DCBLD1,PRELID2,SERTAD1,GRN,CDC42EP3,VMA21,FAM46A,GSTO2,ANXA4,EGLN3,S100A16,MFGE8,E2F7,BNIP3,KRT18,HLTF,ERRFI1,TJP1,APOOL,UBE2A,RCOR3,PLA2G16,PRNP,PDIA6,PLTP,CYBRD1,ACSL3,ATXN7L3B,COL6A1,PBXIP1,FAM65C,TBC1D8B,SSBP3,HEXB,SGK1,ARTN,EPB41L2,BNIP3L,PSTPIP1,ACSS2,THOC7,EGR1,NAE1,EEF2K,AKT3,ST6GAL1,CYR61,WIPI1,AMOT,SMAD7,DSEL,ANK1,CHML,GSN,RBL1,STEAP2,SOS2,ABHD14A
MOOTHA_HUMAN_MITODB_6_2002	6.78730607472405e-08	3.14478514795548e-06	0.704975715167238	0.536898002163401	1.67011651764283	366	UQCR11,NDUFS8,COX7A2,COX8A,COX17,COX5B,ACAA2,COX6A1,COX6C,GCDH,TIMM13,SARDH,TIMM8B,ATP5L,ATP5J2,ATP5J,CYB5A,CYB5R3,TXN,ATP5I,MTCH1,IDH2,GPX4,ATP5E,NDUFA7,NDUFA6,NDUFA4,NDUFA3,NDUFB7,NDUFB1,NDUFB4,UCP2,TBCB,BAD,NDUFB3,ATP5O,SSBP1,UQCRB,NDUFA8,MDH2,TOMM22,ATP5C1,ATP5G1,NDUFB2,FARSA,TIMM44,NDUFS3,TIMM10,MTCH2,TXN2,NDUFS7,CNOT7,FIBP,MCCC1,SDHB,NDUFC2,REXO2,COX5A,NDUFA5,ATP5D,ECI1,CYC1,MTHFD2,DGUOK,ACO2,SCP2,SLC25A17,UQCRH,NCAPH2,CLPP,BCAT2,NDUFB6,STARD3,ATP5G3,NDUFA1,TSPO,ENDOG,SDHD,ACAT1,FDX1,COX7C,ACADM,COX6B1,TIMM17B,LYPLA2,MPST
MOOTHA_MITOCHONDRIA	1.65068122949326e-08	8.34344330543868e-07	0.73376198835648	0.547966804829787	1.70756413755155	380	YWHAE,UQCR11,NDUFS8,COX7A2,COX8A,COX17,COX5B,ACAA2,COX6A1,COX6C,GCDH,TIMM13,SARDH,BIK,TIMM8B,ATP5L,ATP5J2,ATP5J,CYB5A,CYB5R3,ATP5I,MTCH1,IDH2,GPX4,ATP5E,NDUFA7,NDUFA6,NDUFA4,NDUFA3,NDUFB7,NDUFB1,NDUFB4,UCP2,TBCB,NDUFB3,ATP5O,SSBP1,UQCRB,NDUFA8,MDH2,TOMM22,ATP5C1,ATP5G1,NDUFB2,FARSA,RPAIN,TIMM44,APP,NDUFS3,TIMM10,MTCH2,TXN2,CNOT7,FIBP,SDHB,NDUFC2,COX5A,NDUFA5,GNLY,ATP5D,ECI1,CYC1,MTHFD2,DGUOK,ACO2,SLC25A17,UQCRH,DCTN6,NCAPH2,MCAT,BCAT2,NDUFB6,STARD3,ATP5G3,NDUFA1,TSPO,ENDOG,SDHD,ACAT1,FDX1,COX7C,ACADM,COX6B1,G6PD,TIMM17B,LYPLA2,MPST,MTX2,SLC25A3,SURF1,LMF2,VDAC3,PC,ABCB8,CYCS,TIMM23,ATP5F1,NDUFS6,HSPE1,TP53,MBD3,COX7B,CYP27A1
MOOTHA_VOXPHOS	4.55067911370391e-10	4.21696264536563e-08	0.814035837847908	0.797164378695455	2.11901979015739	84	UQCR11,NDUFS8,COX7A2,COX8A,COX5B,COX6A1,COX6C,ATP5L,ATP5J2,ATP5J,CYB5A,ATP5I,ATP5E,NDUFA7,NDUFA6,NDUFA4,NDUFA3,NDUFA13,NDUFB7,NDUFB1,NDUFB4,TBCB,UQCRQ,NDUFB3,ATP5O,UQCRB,NDUFA8,UQCR10,ATP5C1,ATP5G1,NDUFB2,NDUFS3,NDUFS7,CNOT7,SDHB,NDUFC2,COX5A,NDUFA5,ATP5D,CYC1,UQCRH,NDUFB6,ATP5G3,NDUFA1,SDHD,COX7C,COX6B1,SURF1,CYCS,ATP5F1,NDUFS6,MBD3,COX7B,NDUFA9
MOREAUX_MULTIPLE_MYELOMA_BY_TACI_DN	0.0164999321061231	0.0804733530789865	0.352487857583619	0.470637864141286	1.34662112103282	149	LSM4,ATP5L,SHFM1,NDUFA13,IFT57,TBCB,LSM5,PDCD6,SSBP1,ACTL6A,FIBP,SMARCA4,UPF3A,HAUS1,CCDC94,TMEM126A,EBNA1BP2,SF3B2,TERF1,SNRPD1,TMEM165,THYN1,FAM188A,MCM2,PTPMT1,ILF3,ASF1A,LRRC40,NASP,CYP2R1,PPP2R5C,NAA50,NMT1,TDP2,KEAP1,EZH2,TIMM50,MBD4,ANKRD49
MYOFIBROBLASTS_FIBROMYOCYTES_TRAVAGLINI	0.00118224387532322	0.010602057978705	0.45505986738723	-0.905986766008361	-1.60580997414605	12	VCAN,COL1A2,CLU,COL1A1,SCARA3
NAKAMURA_TUMOR_ZONE_PERIPHERAL_VS_CENTRAL_UP	0.011848894162927	0.0627427157579755	0.380730400722792	0.430707450527878	1.30508358162507	259	SOX4,FST,COX17,TUBB2A,MLLT11,ATP5I,KRT7,CD47,TUBA1B,TUBA1A,GPX2,MINOS1,PSMB2,MGST1,CNN3,POP7,TUBG1,PUF60,MAP1B,CENPM,STX10,RNF5,FLI1,POMP,CALM3,NDUFS7,PSMC2,PHGDH,UBE2N,DTYMK,KLF7,FBLIM1,PSMA1,PSMA6,EBNA1BP2,TRAPPC4,CENPV,PSME3,BOP1,MYH9,PSMD11,TPRKB,COL4A1,APOBEC3B,PSMC1,OCIAD2,CENPW,MCM5,PSMD2,NFATC2,PSME2,STRA13,ACOT7,PSMC3IP,FBXO44,PBK,MED27,LRRC8A,TUBB4B,GPM6B,NDUFS6,GLRX2,AURKAIP1,DCTPP1,HSPE1
NSCLC_CCLE	4.2279990883238e-05	0.000753835734348677	0.557332238758646	-0.669460973354349	-1.70923455184812	99	FHL2,IER3,BLVRB,DHRS3,S100A11,HLA-E,CTSZ,SH2D4A,CIB1,LGALS3,ANXA4,RHOD,LAMB3,PIEZO1,S100A16,TNFRSF12A,VAMP8,ABCC3,LRP10,SMAD3,AJUBA,EPHB4,AGRN,TRADD,CNN2,ITGA2,RBPMS,EFR3A,CCND1,TNS3,MYOF,TRIOBP,THBS1,CYP2S1,DOCK5,TMEM63A,TMEM2,KIAA1217,LMNA,TGFBR2,LAMA5,ITGB5
OSMAN_BLADDER_CANCER_UP	0.00515901764547563	0.0345592025407765	0.407017918923954	-0.449237047697507	-1.32260280684664	378	CHD9,PDIA3,KLF2,KTN1,TGFB1,HSP90B1,HSP90AA1,SCAF11,P4HB,PHACTR2,ESF1,GOLIM4,TGOLN2,CHURC1,LGALS3,TCF7L2,TNPO1,SLC25A37,TOP1,SCARB2,RASEF,SMAD5,BBX,MOB1A,CD44,RIOK3,MAP3K2,COL4A3BP,MBNL1,LNPEP,MTDH,LPGAT1,TWF1,YY1,RIF1,PRNP,BRWD3,SMC3,BCLAF1,SLC25A36,STK4,AKAP13,RHOQ,FRMD4B,SCAMP1,OXR1,CDC5L,CRTAP,LDHA,AGTRAP,TNKS2,HSPA13,SSX2IP,PNISR,CCDC125,EDEM3,MR1,ENPP4,NRIP1,MAN2A1,CSNK1A1,UHMK1,STRN,LYST,CTSD,SNX13,IGFBP7,PHC3,GCLM,KCTD12,FBXO22,SEC24A,B4GALT6,SMG1,BRD7,IRF2BP2,PHAX,PSME4,GALNT1,HCFC2,TSPAN31,MAGT1,PIK3R1,HAUS6,SMAD7,TOB1,FBXO9,TMOD3,TBL1XR1,KLHL9,XRCC4,RBMS1,WDR41,SNTB2,SNRNP48,DHX36,ACBD5
OUELLET_OVARIAN_CANCER_INVASIVE_VS_LMP_UP	0.000339125926922058	0.00448938131830153	0.49849310876659	0.598202465768517	1.65323895137504	116	H2AFZ,CBX1,COX6A1,HMGN1,RHEB,YBX1,TM4SF1,TUBB,SUMO2,SUMO1,CD47,MEST,PSMB2,SDCBP,PTS,PSMA2,POLR2K,DDX5,DDX39A,SRSF9,ATP5C1,RANBP1,HNRNPM,HMGN3,CSNK2B,MAL,SDHB,COPS5,RALY,CKS2,SLC35B1,HMGB2,YWHAZ,SRSF4,CSTB,CKS1B,HNRNPD,TPM4,NASP,CYCS
PENG_RAPAMYCIN_RESPONSE_DN	0.00637556018185962	0.0407449593231488	0.407017918923954	0.457660368471313	1.37295765034248	230	GCDH,FAM89B,HSPA8,SIT1,MLF2,TXNL4A,MLLT11,CD47,POLR2F,PSMB5,TDG,SRM,UCHL1,POLR2J,ASNS,XBP1,POP7,SSBP1,TMEM109,TUBG1,ATP5G1,FARSA,TIMM44,CAPZA2,NDUFS3,CSNK2B,SDHB,PRPF19,EIF4G2,PSMC2,WDR18,ACAT2,SNRPC,STIP1,EBNA1BP2,PRMT1,LIMK2,PSMD11,ATP5G3,TROVE2,DPH2,S100A4,EXTL3,ARF1,STRA13,MORF4L2,ADRM1,LDHB,RCC1,PFKM,CYCS,TXNL1,SAFB,HSPE1,EMG1,COX7B,NMT1,NDUFA9,CYB561,HBB,WBSCR22,TMED2
REACTOME_AUTODEGRADATION_OF_CDH1_BY_CDH1_APC_C	0.0186692656270332	0.0879670482087328	0.352487857583619	0.607954533325862	1.51217870270178	54	PSMC3,PSMB5,PSMB2,PSMD3,PSMA2,PSMB7,PSMB3,PSMA7,PSME1,PSMC2,PSMB6,PSMB1,PSMA1,PSMA6,PSMD11,PSMD13,PSMC1,PSMD2,PSME2,UBE2C,CDC26
REACTOME_CELL_CYCLE	0.0108958999203911	0.0622342534351204	0.380730400722792	0.398092217859784	1.23957948849895	386	YWHAE,H2AFZ,CDKN2D,PSMC3,TUBB,DYNC1I2,TUBA1A,PSMB5,PSMB2,HIST1H4C,MCM7,CSNK1E,PSMD3,PSMA2,HIST1H2BH,NHP2,CDKN2C,PSMB7,UBE2I,RUVBL1,TUBG1,TFDP1,CENPM,PSMB3,CCNA1,CEP41,NUDC,PSMA7,CDKN2A,PSME1,REC8,PSMC2,PSMB6,ACTR1A,HIST1H4K,HIST1H4J,HIST2H2BE,SUN2,PMF1,SSNA1,PSMB1,PSMA1,PSMA6,TERF1,PSMD11,RBBP4,RCC2,PSMD13,PSMC1,PPP2R1A,PKMYT1,CDC25B,TINF2,MCM2,FEN1,MCM5,HIST1H2BJ,PSMD2,PSME2,HIST1H2AE,HIST2H2AA4,YWHAG,HIST1H2BD,CKS1B,UBE2C,APITD1,ZWILCH,CDC26,CEP63,RANGAP1,TUBG2,TUBB4B,LIN37,SPC24,CDC16,TP53,PPP2R5C,MAD2L1,HDAC1,POLD2,UBE2D1,TUBGCP6,SKA2,CEP164,CDC20,ORC4,SPC25
REACTOME_CELL_CYCLE_MITOTIC	0.00824036428703707	0.0509071393732512	0.380730400722792	0.423260839938787	1.2918999442789	297	YWHAE,CDKN2D,PSMC3,TUBB,DYNC1I2,TUBA1A,PSMB5,PSMB2,MCM7,CSNK1E,PSMD3,PSMA2,CDKN2C,PSMB7,TUBG1,TFDP1,CENPM,PSMB3,CCNA1,CEP41,NUDC,PSMA7,CDKN2A,PSME1,PSMC2,PSMB6,ACTR1A,PMF1,SSNA1,PSMB1,PSMA1,PSMA6,PSMD11,RBBP4,RCC2,PSMD13,PSMC1,PPP2R1A,PKMYT1,CDC25B,MCM2,FEN1,MCM5,PSMD2,PSME2,YWHAG,CKS1B,UBE2C,APITD1,ZWILCH,CDC26,CEP63,RANGAP1,TUBG2,TUBB4B,LIN37,SPC24,CDC16,PPP2R5C,MAD2L1,HDAC1,POLD2,UBE2D1,TUBGCP6,SKA2,CEP164,CDC20,ORC4,SPC25
REACTOME_G1_S_TRANSITION	0.00775936669745558	0.0484742458852281	0.407017918923954	0.534257364396561	1.45419019419556	104	PSMC3,PSMB5,PSMB2,MCM7,PSMD3,PSMA2,PSMB7,TFDP1,PSMB3,CCNA1,PSMA7,PSME1,PSMC2,PSMB6,PSMB1,PSMA1,PSMA6,PSMD11,PSMD13,PSMC1,PPP2R1A,PKMYT1,MCM2,MCM5,PSMD2,PSME2,CKS1B
REACTOME_METABOLISM_OF_MRNA	0.00954555402182323	0.056460936554614	0.380730400722792	0.505738084710539	1.41852765224838	126	PABPC1,LSM4,PSMC3,HSPA8,PSMB5,PSMB2,LSM5,PSMD3,PSMA2,EIF4A1,PSMB7,PSMB3,CNOT7,UPF3A,LSM1,PSMA7,EXOSC5,RNPS1,PSME1,PSMC2,EXOSC4,EIF4E,PSMB6,LSM2,PSMB1,PSMA1,PSMA6,YWHAZ,SMG9,PSMD11,PSMD13,PSMC1,PPP2R1A,MAPK11,PSMD2,PSME2
REACTOME_METABOLISM_OF_RNA	0.00470601910349356	0.0319091051407612	0.407017918923954	0.494072739513863	1.42715936988092	170	PABPC1,LSM4,SNRPD2,SNRPE,SNRPF,PSMC3,HSPA8,PSMB5,PSMB2,LSM5,PSMD3,PSMA2,EIF4A1,PSMB7,SNRPG,PSMB3,CNOT7,UPF3A,LSM1,PSMA7,EXOSC5,RNPS1,PSME1,PSMC2,EXOSC4,EIF4E,PSMB6,LSM2,CLNS1A,PSMB1,PSMA1,PSMA6,YWHAZ,SMG9,SNRPD1,PSMD11,PSMD13,PSMC1,PPP2R1A,MAPK11,PSMD2,PSME2
REACTOME_MITOTIC_G1_G1_S_PHASES	0.0206271418702361	0.0940056629496004	0.352487857583619	0.493620397733189	1.38949011339034	128	CDKN2D,PSMC3,PSMB5,PSMB2,MCM7,PSMD3,PSMA2,CDKN2C,PSMB7,TFDP1,PSMB3,CCNA1,PSMA7,CDKN2A,PSME1,PSMC2,PSMB6,PSMB1,PSMA1,PSMA6,PSMD11,RBBP4,PSMD13,PSMC1,PPP2R1A,PKMYT1,MCM2,MCM5,PSMD2,PSME2,CKS1B
REACTOME_MRNA_PROCESSING	4.33862293150318e-05	0.000753835734348677	0.557332238758646	0.587880486241214	1.68619947177413	151	HNRNPK,SNRPD2,SNRPE,SNRPF,YBX1,PHF5A,TXNL4A,SF3A2,POLR2L,POLR2F,POLR2E,POLR2J,POLR2K,SNRPG,SRSF9,CSTF3,HNRNPM,DNAJC8,HNRNPC,RNPS1,HNRNPA0,EIF4E,SNRNP40,LSM2,POLR2G,SNRPA,HNRNPUL1,SF3B2,SNRPD1,SRSF4,SF3A1,HNRNPA2B1,HNRNPH1,HNRNPD,SRSF2,POLR2D,NUP62,CLP1,HNRNPA1,SF3B4,U2AF2,LSM10,NCBP2,CPSF7,POLR2I,PTBP1,POLR2H,MAGOH,NUP35,SRSF1
REACTOME_MRNA_SPLICING	1.58898205508279e-08	8.34344330543868e-07	0.73376198835648	0.737526577308348	2.007466790639	104	HNRNPK,SNRPD2,SNRPE,SNRPF,YBX1,PHF5A,TXNL4A,SF3A2,POLR2L,POLR2F,POLR2E,POLR2J,POLR2K,SNRPG,SRSF9,CSTF3,HNRNPM,DNAJC8,HNRNPC,RNPS1,HNRNPA0,SNRNP40,LSM2,POLR2G,SNRPA,HNRNPUL1,SF3B2,SNRPD1,SRSF4,SF3A1,HNRNPA2B1,HNRNPH1,HNRNPD,SRSF2,POLR2D,CLP1,HNRNPA1,SF3B4,U2AF2,NCBP2,CPSF7,POLR2I,PTBP1,POLR2H,MAGOH
REACTOME_MRNA_SPLICING_MINOR_PATHWAY	1.36015506912029e-05	0.000270087935153885	0.593325476396405	0.80736687567936	1.89775737941942	40	SNRPD2,SNRPE,SNRPF,TXNL4A,POLR2L,POLR2F,POLR2E,POLR2J,POLR2K,SNRPG,SNRNP40,LSM2,POLR2G,SF3B2,SNRPD1,SRSF2,POLR2D,SF3B4,NCBP2,POLR2I,POLR2H,SRSF1
REACTOME_PROCESSING_OF_CAPPED_INTRON_CONTAINING_PRE_MRNA	2.59173004118019e-06	7.20500951448094e-05	0.627256739718528	0.647217407978395	1.81987766665629	132	HNRNPK,SNRPD2,SNRPE,SNRPF,YBX1,PHF5A,TXNL4A,SF3A2,POLR2L,POLR2F,POLR2E,POLR2J,POLR2K,SNRPG,SRSF9,CSTF3,HNRNPM,DNAJC8,HNRNPC,RNPS1,HNRNPA0,EIF4E,SNRNP40,LSM2,POLR2G,SNRPA,HNRNPUL1,SF3B2,SNRPD1,SRSF4,SF3A1,HNRNPA2B1,HNRNPH1,HNRNPD,SRSF2,POLR2D,NUP62,CLP1,HNRNPA1,SF3B4,U2AF2,NCBP2,CPSF7,POLR2I,PTBP1,POLR2H,MAGOH,NUP35,SRSF1
REACTOME_RESPIRATORY_ELECTRON_TRANSPORT	2.22936066983958e-07	7.74702832769253e-06	0.690132458796796	0.78781390214325	2.01329511764136	64	UQCRHL,UQCR11,NDUFS8,COX8A,COX5B,COX6A1,COX6C,NDUFA7,NDUFA6,NDUFA4,NDUFA3,NDUFA13,NDUFA11,NDUFS5,NDUFB9,NDUFB7,NDUFB1,NDUFB4,UQCRQ,NDUFB3,UQCRB,NDUFA8,NDUFB2,NDUFS3,NDUFS7,SDHB,NDUFC2,COX5A,NDUFA5,CYC1,UQCRH,NDUFA12,NDUFB10,NDUFB6,NDUFV1,NDUFA1,SDHD,COX7C,COX6B1
REACTOME_RESPIRATORY_ELECTRON_TRANSPORT_ATP_SYNTHESIS_BY_CHEMIOSMOTIC_COUPLING_AND_HEAT_PRODUCTION_BY_UNCOUPLING_PROTEINS_	1.16876045874649e-10	1.29966163012609e-08	0.826657301178302	0.811822922623649	2.14803512888207	80	UQCRHL,UQCR11,NDUFS8,COX8A,COX5B,COX6A1,COX6C,ATP5L,ATP5J2,ATP5J,ATP5I,ATP5E,NDUFA7,NDUFA6,NDUFA4,NDUFA3,NDUFA13,NDUFA11,NDUFS5,NDUFB9,NDUFB7,NDUFB1,NDUFB4,UCP2,UQCRQ,NDUFB3,ATP5O,UQCRB,NDUFA8,ATP5C1,ATP5G1,NDUFB2,NDUFS3,NDUFS7,SDHB,NDUFC2,COX5A,NDUFA5,ATP5D,CYC1,UQCRH,ATP5A1,NDUFA12,NDUFB10,NDUFB6,NDUFV1,NDUFA1,SDHD,COX7C,COX6B1
REACTOME_SLC_MEDIATED_TRANSMEMBRANE_TRANSPORT	0.004045406141883	0.0299899441984926	0.407017918923954	-0.492859783228274	-1.38173063052912	225	SLC17A6,SLC38A2,SLC17A7,HK1,TPR,SLC8A2,SLC16A10,RANBP2,SLC1A6,SLC7A8,NUP107,SLC12A7,SLC4A4,SLC22A15,SLC16A1,SLC12A2,SLC22A16,SLC1A5,NUP153,SLC18A2,SLC16A3,SLC38A4,SLC7A10,SLC2A10,SLCO4A1,SLC44A3,SLCO2A1,SLC43A1,SLC35A3,SLC38A1,SLC39A8,SLC39A7,SLC47A1,SLC30A1,SLC7A6,SLC12A6,SLC8A1,NUP214,SLC39A10,NUP155,HK2,SLC41A1,SLC13A2,SEH1L,SLC9A7,SLC32A1,SLC2A13,SLC30A2,SLC38A5,NUP37,SLC6A15,SLC5A7,SLC9A9,SLC35D2,SLCO4C1,SLC16A8,SLC20A2,SLC6A6,SLC9A6,SLC6A11,SLC33A1,SLC4A8,SLC7A2,SLC30A5,SLC11A1,SLC20A1,NUP50,SLC24A3,RAE1,SLC22A18,POM121,NUP133,SLC6A18,SLC1A2
REACTOME_SYNTHESIS_OF_DNA	0.00863902666703726	0.0522097698573121	0.380730400722792	0.550979431013986	1.47394891797557	88	PSMC3,PSMB5,PSMB2,MCM7,PSMD3,PSMA2,PSMB7,PSMB3,CCNA1,PSMA7,PSME1,PSMC2,PSMB6,PSMB1,PSMA1,PSMA6,PSMD11,PSMD13,PSMC1,MCM2,FEN1,MCM5,PSMD2,PSME2
REACTOME_S_PHASE	0.0204880576049327	0.0940056629496004	0.352487857583619	0.505870614900995	1.37692456247486	104	PSMC3,PSMB5,PSMB2,MCM7,PSMD3,PSMA2,PSMB7,PSMB3,CCNA1,PSMA7,PSME1,PSMC2,PSMB6,PSMB1,PSMA1,PSMA6,PSMD11,PSMD13,PSMC1,CDC25B,MCM2,FEN1,MCM5,PSMD2,PSME2,CKS1B
REACTOME_TCA_CYCLE_AND_RESPIRATORY_ELECTRON_TRANSPORT	1.80801913459257e-07	6.70172425888978e-06	0.690132458796796	0.697831819753057	1.92858239800555	116	UQCRHL,UQCR11,NDUFS8,COX8A,COX5B,COX6A1,COX6C,ATP5L,ATP5J2,ATP5J,ATP5I,IDH2,ATP5E,NDUFA7,NDUFA6,NDUFA4,NDUFA3,NDUFA13,NDUFA11,NDUFS5,NDUFB9,NDUFB7,NDUFB1,NDUFB4,UCP2,UQCRQ,NDUFB3,ATP5O,UQCRB,NDUFA8,MDH2,ATP5C1,ATP5G1,NDUFB2,NDUFS3,NDUFS7,SDHB,NDUFC2,COX5A,NDUFA5,ATP5D,CYC1,ACO2,UQCRH,ATP5A1,NDUFA12,NDUFB10,NDUFB6,NDUFV1,NDUFA1,SDHD,COX7C,COX6B1,LDHB
RICKMAN_METASTASIS_UP	0.000649767969539458	0.00709956150550735	0.477270815362862	-0.494826183409444	-1.42517287922811	306	TMX4,GNAS,GPRC5B,ARMCX3,ETV5,ETV4,SHE,RASSF8,QPCT,MGP,EEF1B2,ATRX,PGRMC1,DYRK2,SLC16A10,PLCB4,NKAP,LCLAT1,TMEM5,STAG2,TSPAN6,TRIP12,GEM,THOC2,PDXDC1,APOOL,MPDZ,PNN,YIPF6,ACVR1B,NUP107,NCL,BOC,CTCF,RLIM,DNAJC18,EP400,ACACB,MAGI2,DDIT3,APPBP2,MTA3,MAGEH1,RBMX2,SVIP,MOB1B,ILKAP,ATAD2B,BEX2,GIGYF2,PPWD1,AGFG1,MDM1,SEPHS2,ARMCX1,LRP4,ATP9A,TFAM,RBBP6,NEK9,CAND1,TMEM18,ARMCX6,VHL,TCTN3,PKP4,MARVELD2,ZBTB33,ABCB7,NDUFS1,TMEM97,USP51,DTX3,ITGB5,MPHOSPH10,TTC5,INO80D,MMGT1,MORN2,RAD17,SLC22A17,NUDT9,TXNDC15
RIGGINS_TAMOXIFEN_RESISTANCE_UP	0.0150071856918881	0.0744999575418731	0.380730400722792	-0.609308739254985	-1.4794399354393	64	CHST8,ARMCX3,ETFB,SLC16A2,CITED1,SPRY4,WNT4,TNIK,ST3GAL5,SLC9A3R1,ESRRG,FASN,PMP22,SRPX,GPC4,TGFBR3,OGFRL1,CTSD,ARHGAP26,GATA4,SLCO2A1,GALNT6,CTSA,LRP4,STARD8,ARMCX6
SCHLOSSER_SERUM_RESPONSE_AUGMENTED_BY_MYC	0.0168720750468646	0.0815728150091889	0.352487857583619	0.516043225256214	1.40584376226109	100	YWHAE,UQCR11,TFF2,RAD23A,LCK,MLF2,SF3A2,PDAP1,UQCRQ,EIF4A1,BRD3,TMEM109,HDGF,CSNK2B,PRPF19,UBE2S,OTUB1,CYC1,PSMD11,MAZ,NDUFV1,KAT5,PPP2R1A,KCNH2
SCLC-A	1e-10	1.29966163012609e-08	NA	0.844438897740964	2.30048394959618	100	SCIN,DDC,UQCR11,SOX1,SCN3A,NELL1,COX8A,COX17,CERS4,COTL1,COX6A1,ASCL1,SMAD9,VOPP1,GAD2,SLC36A4,NOL4,NR0B2,OAZ1,SMYD3,RAB3IP,B3GNT5,DRAIC,ICA1,PLEKHJ1,FOXA2,SEC11C,CAMK1D,EIF1,MIEN1,TPD52,TBPL1,BSPRY,SYT1,PTS,CA8,GCH1,BAD,RGS17,INSM1,TFDP1,DNALI1,KDF1,NDUFS7,ATG4D,PCGF5,GLRX5,MANEAL,NDUFA5,GDAP1,DEDD2,TMEM198,DLL3,RIMKLA,SLC2A12,LINC00683,TOX,PLP2,WSB2,FAM221A,RUNDC3A,ZNHIT3,TIMM17B,FBLN7
SCLC-N	1.25551894793491e-09	8.7258566881476e-08	0.788186810800237	-0.77437588174534	-1.97897067847484	100	GKAP1,CHRNA3,FNDC5,EDA,FRMD3,MCC,NEFL,NEUROD1,NEUROD4,NFIA,NHLH1,COL4A6,SSTR2,SHOX2,SLC17A6,THSD7B,GAS2,TCEA3,HSPA2,DACH1,ADAMTS2,HPCA,SEMA6A,LGALS7B,MYO16,CHRNB4,UPP1,SGCD,GALNT16,EYA2,E2F7,CUX2,IGFBPL1,ATP2B2,CDC42EP2,SLC7A8,KREMEN2,NHLH2,SLC22A15,KIAA1614,CNTN2,EPHB2,ZBTB18,NTNG2,CNR1,ALK,FANCF,SPSB4,TMEM63C,PHF21B,GLCE,NEUROD2,KCNJ4,FAM212B,KBTBD12,RTN4R,BVES,ZDHHC22,GNG8
SCLC-Y	5.49791532298307e-07	1.79814171739917e-05	0.659444398037935	-0.730171475357447	-1.86600328607122	100	VIM,DUSP6,LTBP4,FBLN1,ADAMTS5,PRG4,SPRY1,TNS2,FXYD1,CSGALNACT1,ITGA4,F10,WWTR1,MMP2,CDC42EP5,ITM2A,LGI4,PROS1,SPRY2,ATP1B2,ALDH1A3,MEF2C,HOXA3,PRKG1,ZCCHC24,PRICKLE2,LINC00839,ITGB5,PRICKLE1,COL24A1,GNG7,UNC5C,GYPC,HMCN1,MOXD1,LRRC4B,PDE4A,STARD13,HOXA2,MARVELD1,LAMB2,TANC1,PLAT,PTGIS,ADAMTS9,AQP7,SEMA3C
SCLC_CCLE	0.000124759717116237	0.00192684451990633	0.518848077743792	0.634018392668092	1.72724058541549	100	CRMP1,FXYD6,NKAIN2,NELL1,TMSB15A,DHPS,RTN1,SMAD9,NOL4,ASRGL1,ST8SIA5,TUBB2B,ELAVL3,PCP4,ELAVL4,PROX1,MIAT,GNG4,INSM1,CBFA2T2,KIF5C,JAKMIP1,RAB33A,RALYL,YPEL1,ST18,MAPT,TRIM9,SEPT3,MYB,ACTL6B,PHYHIPL,TIGD3,CELF4,SBK1,ADD2,RUNDC3A,MEX3B,ZNF397,JAKMIP2,ELAVL1,DPYSL5,NASP,SNCAIP,GPM6B,SH3GL2,KIF1A
SENESE_HDAC1_TARGETS_UP	4.51787942855198e-06	0.000114179134648859	0.610526878385931	-0.521082213361947	-1.5465763180853	414	CCND2,CDK6,VEGFA,GNG12,PHLDA1,PLIN2,DSG2,BMP2,RASSF8,HSP90AB1,IDS,MYO6,PHACTR2,IGF2BP2,ELK3,ARHGAP5,ABCC4,ABCC9,DUSP5,UPP1,USP9X,SLC25A37,LAMB3,TPR,TOP1,TNFRSF12A,TNFRSF11B,LMAN1,SPRED1,TTC37,FAM126A,ACTR2,ERRFI1,MOB1A,CD44,PNP,IL6ST,MAP3K2,GEM,NETO1,CDV3,PDLIM4,MBNL1,TMEM64,MAP4K5,COPA,CBFB,TWF1,PRNP,SPRED2,USP10,CTDSPL2,BCLAF1,ZBTB38,KPNA4,SRPX,AHCTF1,USP34,PTPN11,ANP32E,CNOT1,CPEB4,SLC16A1,FCHO2,KIRREL,SUPT16H,STX16,SMG7,RPAP3,OGFRL1,DCP2,COBLL1,TM9SF3,UHMK1,PHTF2,ZNF644,SSFA2,STRN,MYC,ATP11A,ADAMTS6,AKT3,REEP3,ITGA2,SLCO4A1,DLG1,TCFL5,B4GALT6,FBXW11,PSME4,PTPN12,TRIM38,SQSTM1,TOB1,DPY19L1,HECTD1,TOR1AIP1,TRIO,TMOD3,DDX3X,DEGS1,TFAM,LARS,PIK3C2A,SLC39A8,ANAPC5,ITPRIP,KISS1,TGFBR1,FOXD1,EPG5,SLC7A6,IL6R,YOD1,KIAA1217,CDC42SE2,TRUB1,TGFBR2,GSR,BDP1,INO80D,RAB8B,TPP1,TMEM41A,EIF4G1,ENTPD4,PNO1,CEBPD,PARD6B,DUSP3,PIP5K1A,CA2,GLRX,SLC43A3,TAOK1,SERINC3,PSAT1,DOCK10,GRPEL2,ADAM10,FAM60A,ZFR,PTHLH,CXCL3,SPOPL,SCG5,SKP2,FGD6,SLC6A15,EIF5A2,CYTH3,MFAP3,STX3,ITPR1,MMP9,OTUB2,BACH1,FAM208B
SENESE_HDAC3_TARGETS_UP	3.29184963898908e-06	8.71556380608538e-05	0.627256739718528	-0.515083747022458	-1.53472532218154	464	CCND2,UBASH3B,CDK6,GNG12,PDK4,PHLDA1,OLFM1,DST,NEFL,TMEM173,BMP2,HSP90AB1,SERPINE2,IDS,HTRA1,SAT1,MYO6,SCD,MAN1A2,GUCY1A2,ATP2B1,ELK3,MAN1A1,PDGFC,ARHGAP5,DCBLD1,TNIK,ASH1L,SPIRE1,ABCC4,NFAT5,ANXA4,HMGA2,SLC25A37,SFRP1,HIVEP2,TPR,TOP1,SCARB2,CASK,E2F7,TIMP3,PMAIP1,TNFRSF11B,SMAD5,LMAN1,SPRED1,CD46,TTC37,RANBP2,ROR1,FAM126A,LTBP2,ACTR2,ERRFI1,CD44,IL6ST,MAP3K2,GEM,PMP22,CDV3,PDLIM4,MBNL1,RGS16,COPA,CBFB,MXRA7,SPRED2,USP10,ENC1,MMP14,STK4,ZBTB38,HNRNPU,ZNF451,SRPX,MYO1B,AHCTF1,ZC3H11A,JMJD1C,SCAMP1,USP34,FOXC1,TRAPPC10,PTPN11,CPEB4,SLC16A1,FCHO2,TNKS2,SUPT16H,STX16,SMG7,RHOC,RPAP3,DCP2,UHMK1,AKR1B10,CLCN5,PHTF2,ZNF644,SSFA2,STRN,TMEM30A,AKT3,SLFN5,PARP8,KAT6A,TCFL5,FBXW11,SMG1,NF1,PSME4,CDKN1C,PTPN12,HAS2,SQSTM1,TOB1,PHLDB2,SAV1,EDIL3,TRIO,MIER3,IQGAP2,TMOD3,DDX3X,AFF4,SPTBN1
SENGUPTA_NASOPHARYNGEAL_CARCINOMA_WITH_LMP1_UP	0.000176537623350276	0.00251679278417316	0.518848077743792	-0.496752670566041	-1.45722589119937	368	GDF15,GNG12,NRXN1,EIF1AY,PHLDA2,POPDC3,PKIB,MATN2,NFIA,ARHGAP18,SPAG9,CADPS,GXYLT1,SESN3,HSP90B1,HSP90AB1,HSP90AA1,DDHD1,ADAMTS5,MYO6,ENPP2,ESF1,DHRS2,ATRX,TC2N,SCGB2A1,OAS1,SMCHD1,VASH2,MDM2,HMGA2,DYRK2,TPR,TOP1,PMAIP1,ESRRG,TNFRSF11B,HSPD1,SERPINI1,MIB1,MOB1A,PARM1,U2SURP,LUC7L3,MBNL1,ZBED6,GATM,F5,LPAR3,APOOL,LPGAT1,RIF1,ANKRD12,TCF4,SMC3,BCLAF1,SLC25A36,RASSF6,FNDC3B,PRKD3,SCAMP1,OXR1,ZFY,CPEB4,TMTC1,SLC12A2,SMC5,MCTP1,LARP6,WDFY1,ENPP4,ETNK1,PKN2,PTPN13,CDC42BPA,DNAJC21,CNR1,LTN1,HSPA4L,LIMS1,HOXA9,PTAR1,CHRM3,B4GALT6,SREK1,IPO7,C2CD4A,PSME4,GALNT1
SHEN_SMARCA2_TARGETS_UP	0.00100872647995642	0.00934753204759614	0.45505986738723	-0.465479022522071	-1.38230120747591	412	CAST,TMX4,FMR1,EID1,KTN1,SLK,CREG1,IDS,SUCLG1,OSBPL8,ATRX,CALCOCO2,PSMF1,ARHGAP5,TGOLN2,NEK7,USP9X,PHF3,TNPO1,PJA2,PHKB,CEP350,TTC37,ITFG1,HLTF,SENP6,ATP6AP2,RIOK3,MED14,TRIP12,U2SURP,LUC7L3,SNX5,APOOL,MAP4K5,UBE2A,ZDHHC17,RCOR3,TWF1,AGGF1,PPP1R3D,SMC3,BCLAF1,XPO1,PRKAR1A,VPS13C,CREBZF,PREPL,PUM2,PRKD3,SKP1,APC,KANK1,HTATSF1,RMND5A,ARFGEF2,PTPN11,ZFC3H1,STAU1,SMC5,DDX46,OSTM1,SUCLG2,AKAP11,CTCF,NCOA1,ATMIN,ROCK1,DCP2,ITSN2,GNAQ,CLINT1,PKN2,SMARCA2,UBR2,YTHDC2,APPBP2,SETX,NPTN,TLK1,USP9Y,PEX3,PAFAH1B1,NOL7,COPS2,MOCS2,DLG1,FBXW11,UNC50,NF1,DHX29,KIFAP3,PPWD1,NHLRC2,MKL2,PANK3,FBXO11,TMEM131,TOR1AIP1,REV1,FEM1B,RYK,SMAD4,SNX2,SMAP1,CAPN7,MAP4K3,SOS2,NCOA6,EIF2AK2,NUDT21,KIDINS220,CAND1,HIPK1,RAB22A,TAB2,TMEM41B,RALGAPB,PKP4,RAB21,NCKAP1,UTP14C,INSIG2,KDM3B,RASA1,MAPK9,RBM22,ZNF302,SCAF8,TANK,MATR3,TRMT1L,OSBPL1A,EED,PSMG2,WDR11,CUL4B
SPIELMAN_LYMPHOBLAST_EUROPEAN_VS_ASIAN_UP	1e-10	1.29966163012609e-08	NA	0.567187603199261	1.77860628739013	448	BANF1,NDUFS8,LSM4,RTN3,COX5B,COX6A1,COX6C,MARCKSL1,HMGN1,YBX1,HDAC2,OAZ1,AKR1A1,ARF5,ATP5J2,ATP5J,MLF2,CYB5R3,AES,TUBB,ATP5I,SF3A2,SFN,PIN1,TUBA1A,ACYP1,GPX4,NDUFA7,NDUFA3,PSMB5,NDUFB7,NDUFB1,NDUFB4,UBL5,UCP2,PKN1,UQCRQ,PFN1,ROBO1,CSNK1E,KIF22,RRP7A,GDI1,DAZAP1,NUBP2,MYL6B,ACTL6A,MAP2K2,ENOPH1,PSMB3,FARSA,CDK5,TAX1BP3,BLOC1S1,DNAJC8,ARPC4,TCEB2,DHCR7,TAF6,TXN2,H2AFV,SMARCA4,RALY,CKS2,DECR2,EI24,PPA2,ENSA,DDT,CDK2AP2,FKBP3,SNRNP40,ATP5D,PGLS,EIF4EBP1,SGTA,PMF1,MEA1,CDC42,RAB8A,CACYBP,DEAF1,BCAT2,SNRPD1,RPN1,ATP5G3,RBBP4,PTMA,KAT5,NDUFA1,PSMD13,PRDX2,WRAP73,PSME2,ARF1,COX6B1,RAB1B,NARF,CALM1,MPST,MORF4L2,HIST1H2BD,HNRNPA2B1,CSTB,MTA1,ACOT7,DDB2,HMGB3,UBE2C,DPYSL2,PSMC3IP,TADA3,HNRNPD,TRA2A,CNPPD1,APBA3,MEIS2,PTPN6,VDAC3,CCDC85B,SART1,PEX14,HEBP2,LTB,ATP8B1,B4GALT7,SRGN,HNRNPA1,SAFB,NDUFS6,SLC12A9,GIPC1,TP53,MBD3,HMBS,IMPDH1,HHLA3,HDAC1,ZNF212,EZH2,FKBP2,E4F1,UQCRC1,ARHGDIB,CDC20,STXBP2,SLC2A6,B4GALT2,GNL2,POLR2I,IFI16,MACF1,MAPK12,PGAP2,GFER,VASP,PNPLA6,PARK7,B3GAT3,LSS,C1QBP,MGAT3,ZMYM2,RRM1,RRP1
STARK_PREFRONTAL_CORTEX_22Q11_DELETION_DN	1e-10	1.29966163012609e-08	NA	0.604584930456979	1.89285167863185	436	UQCR11,H2AFZ,NDUFS8,COX7A2,ERI3,SMARCB1,RAD23A,COX5B,SNRPD2,BUD31,RHEB,SAC3D1,IMMP1L,AKR1A1,TIMM8B,PSMC3,ATP5J2,ATP5J,MLLT11,TXN,ATP5I,STMN2,SUMO1,SRP9,ATP5E,MINOS1,NDUFA7,NDUFA11,SEC11C,MGST3,EIF1,TCEB1,TPD52,SLIRP,POLR2J,AKR1B1,CORO7,PDCD6,SNAPC2,TRMT112,TPI1,LAMTOR1,SARS,ELOF1,PPP1CA,EIF3L,PSMA2,POP7,ATP5O,NDUFA8,ALCAM,MDH2,AP2M1,STMN3,UQCR10,PRAF2,TUBG1,ATP5C1,ENOPH1,ZNHIT1,NDUFB2,PSMB3,CDK5,CHMP4B,RANBP1,NDUFS3,DPM2,POMP,TCEB2,NUDC,PHC2,NDUFS7,HCFC1R1,HIST3H2A,TRA2B,EIF4G2,ABHD11,POLR1D,GTF3A,EIF4E,PSMB6,SEC61B,HSPBP1,MORF4L1,CBR1,FKBP3,ASNA1,CLDN5,GDAP1,ACAT2,CLNS1A,CYC1,MEA1,SNRPC,STIP1,TMEM126A,TM7SF2,CACYBP,DCTN6,UFD1L,ARPC5L,NDUFA12,NDUFB10,TMEM165,CUEDC2,PSMC1,CRYZL1,B4GALT3,OCIAD2,PRDX2,WTAP,SLC25A39,RUNDC3A,ARVCF,DGCR2,COX7C,ATP6V1E1,TXNDC17,TCP1,HIGD2A,MZT2B,SEC62,SPSB3,VDAC3,DDX56,COQ4,FAM102A,CNDP2,CYCS,KRTCAP2,CISD3,DCAF11,NME2,TIMM23,COPS6,IFNGR2,ROMO1,NDUFS6,IDH1,TMEFF2,NR1H2,ADH5,NIPSNAP1,PPP2R5C,BOK,EIF3H,HMP19,CEP19,NTAN1,NDUFA9,DENR
STEIN_ESRRA_TARGETS_RESPONSIVE_TO_ESTROGEN_UP	0.0114170752704717	0.0622342534351204	0.380730400722792	-0.722626111091119	-1.52095596253384	29	SLK,IER3,HSPB8,SLC16A1,SGK1,CXCL12,SLC39A8,GLA,RBM12B,SLC35F2,ZNF302,CA12,CA2
SWEET_LUNG_CANCER_KRAS_UP	0.00359462192456976	0.0273782163022026	0.431707695803346	-0.443310807126702	-1.3203953094001	457	CD63,CD9,PHLDA1,ITM2C,FMR1,PHLDA2,NOP56,PRDX4,DUSP6,PLIN2,ELL2,KDELR1,ATP1A1,APOC1,KCNK1,SLC25A5,SLC38A2,ACLY,SERPINE2,DLK1,PTGR1,S100A1,SAT1,CRLF1,RRBP1,CTSZ,EIF4B,CLU,HSPA1B,IL4R,ACTN1,EEF1B2,MAN1A1,CSRP2,HSPA5,SCG3,CDKN1A,LGALS3,HK1,ANXA4,CYBA,LAMB3,CASK,PCBD1,ITGA4,ACSL4,F10,KRT18,HIF1A,VAMP8,GADD45A,CXCL1,ERRFI1,HHEX,CD44,FASN,MMP2,PARM1,GNS,EPB41L4A-AS1,EIF2AK4,FAM162A,PRNP,NCL,NR2F1,SSR4,PDK3,SCAMP1,SLC4A4,TAOK3,LDHA,SLC16A1,SLC12A2,PLBD1,VIL1,CISD1,PTGS1,ITPR2,ACTN4,ATP1B1,TMEM56,ATP6V1C1,HEXA,CLCN5,CTNND2,CTSH,TMEM30A,ATP11A,SHC1,MAPK1,MYCN,CTSD,STARD10,HM13,EIF3E,ST6GAL1,CCND1,BRD7,ARGLU1,CLIP4,TGFBI,TOB1,MANF,SIRPA,THBS1,CTSA
TBK1.DF_DN	7.38892698754613e-05	0.00119733793363353	0.538434096309916	-0.541557228420006	-1.54673374311772	267	CCND2,GOLGA4,CDK6,ANKRD11,PMEPA1,ELL2,KTN1,CBX5,SLK,SLC6A8,SERPINE2,SCAF11,ROCK2,MYO6,COL4A5,ATP2B1,PSMB9,UFL1,MTR,ESF1,STOM,NEK7,CAMK2N1,YES1,PSMB8,BPTF,PCBD1,ANGPTL4,PMAIP1,SMAD5,ATP6AP2,RXRA,OSBPL3,RAI14,LUC7L3,HIST1H1E,THOC2,CBFB,MPDZ,RIF1,CD2AP,TERF2,PRKD3,RLF,ARFGEF2,PLEKHA1,SMC5,C1D,PNISR,RPAP3,TRIM23,DCP2,NRIP1,ATP6V1C1,ACAP2,ETNK1,SMARCA2,TBK1,SPRY2,RFWD3,LIMS1,MIS18BP1,ITGA2,ZNF654,NCOA3,SMG1,ITCH,CCND1,NF1,BNIP2,HIPK3,AGFG1,HIST1H1D,DICER1,PANK3,THBS1,USP22,TMOD3,SEPHS2,AFF4,CHMP2B,ADCY6,SNTB2,TFAM,SMURF2,NEK1,ZZZ3,SLC39A8,GNPDA1
VERHAAK_GLIOBLASTOMA_PRONEURAL	0.000839302956648438	0.0081868849806409	0.477270815362862	0.535227376101138	1.54087607684587	166	SOX2,CRMP1,FXYD6,FAM110B,SCN3A,SOX4,TMSB15A,HN1,CBX1,ASCL1,MARCKSL1,NOL4,HDAC2,FGF9,GSTA4,PFN2,CXXC4,MLLT11,STMN1,TOX3,GNG4,CKB,SOX11,CSNK1E,DCX,ALCAM,RAB33A,YPEL1,CDK5R1,ACTR1A,MAPT,MARCKS,GSK3B,DBN1,DLL3,RUFY3,MYB,BCL7A,EPHB1,GADD45G,NR0B1,HMGB3,ATAT1,CLGN,NCALD,PAFAH1B3,STMN4,KIF21B,CHD7,DPF1,DUSP26,EPB41
WAMUNYOKOLI_OVARIAN_CANCER_LMP_UP	0.0140719509025418	0.0704865288451645	0.380730400722792	0.434942274624949	1.30693876175649	237	UQCR11,USMG5,COX7A2,LSM7,COX6A1,B3GNT5,RAB2A,PPDPF,PPIA,TXN,ACTB,SFN,ICA1,CD24,PLEKHJ1,TOX3,EHF,GSTP1,BSPRY,UQCRQ,RNF126,RRP7A,POP7,KLF5,SGSM3,VSIG2,EFHD2,BAIAP2L1,GTPBP6,TRAF4,SMARCA4,RALY,ABHD11,BPHL,F11R,MECOM,DDAH1,OVOL2,ARPC5L,CENPV,BTBD3,DOHH,ST14,RAB25,ESRP1,GMDS,TMC5,MPST,AACS,MANSC1,CHMP4C,TSPAN8,CNPPD1,FDFT1,SURF6,SART1,TPM4,ATP8B1,MUC1,CISD3,AURKAIP1,SGPP2,GIPC1,AGR2,ELF3
WONG_EMBRYONIC_STEM_CELL_CORE	9.10888958707285e-06	0.000194790100400481	0.593325476396405	0.519126216540552	1.59294166729894	305	SOX2,HNRNPK,PABPC1,UQCR11,BANF1,HN1,LSM4,COX5B,TIMM13,TIMM8B,PHF5A,ATP5J,SUMO1,PIPOX,POLR2F,NDUFA11,PSMB5,NDUFB7,LSM5,MCM7,SARS,PROM1,EIF3L,KIF22,EIF4A1,POP7,EIF3I,NHP2,ATP5O,SET,NTHL1,RUVBL1,GJA1,FARSA,TIMM44,SMC2,DPP3,PSMA7,CKS2,RNPS1,EEF2,PSMB6,PPP4C,APEX1,SNRNP40,LSM2,DTYMK,EIF4EBP1,HAUS1,MTHFD2,MRTO4,STIP1,HMGB2,SNRPA,EBNA1BP2,UQCRH,PSME3,CLPP,TERF1,PRMT1,NDUFB10,SNRPD1,RCC2,XRCC5,SDHD,ADSL,MCM2,MCM5,LYPLA1,WBP11,RCC1,CKS1B,MID1IP1,NASP,CYCS,HAT1,NME2,HNRNPA1,CDCA5,ADH5,HSPE1,TP53,NIPSNAP1,DNMT1,NDUFA9,ALDOC,MAD2L1,HDAC1,UBE2V2,LSM10
YAO_TEMPORAL_RESPONSE_TO_PROGESTERONE_CLUSTER_13	1.88633126304854e-06	5.52000095923678e-05	0.643551836150722	0.640435051268271	1.8313130859617	148	UQCR11,H2AFZ,COX5B,COX6A1,SNRPD2,SNRPE,TIMM8B,NAA38,ATP5J,SHFM1,GPX4,ATP5E,CSRP1,NDUFA3,ANXA2,NDUFA13,SEP15,UBL5,MIEN1,ELOF1,ATP5O,UQCRB,TAGLN2,UQCR10,SNRPG,RBM3,CD320,FIBP,NUDT16L1,NDUFA5,NEDD8,FKBP3,ATP5D,EIF4EBP1,SSNA1,PSMA6,DBNL,COX16,CUTA,FAM49B,CUEDC2,TOMM5,PRDX2,SLC35B2,PSME2,RBM14,LGALS1,TXNDC17,SUMO3,PAFAH1B3,PC,IFNGR2,ROMO1,ATP5F1,SMTN,SNX10,VPS29,PPP2R5C,COX7B,NMT1,POLE3,NDUFA9,CHRAC1,RAB28,NDUFV3
ZHANG_TLX_TARGETS_36HR_DN	7.56095258991458e-08	3.2337612615327e-06	0.704975715167238	-0.650572450487934	-1.77977340601905	182	ZNF638,PEG3,FMR1,SCAF11,ADAMTS5,HMGN5,ROCK2,ESF1,ARHGAP5,ASH1L,TPR,EGLN3,SMC6,CHD1,RANBP2,SMPDL3A,ZNF292,STAG2,CNTLN,THOC2,SUZ12,RIF1,ZNF280D,SMC3,BCLAF1,HNRNPU,XPO1,KPNA4,CEBPZ,APC,SLC4A4,CASP8AP2,TRPM7,SLC12A2,DDX46,PRIM1,ROCK1,EEA1,KIF2A,MMS22L,MKI67,TMEM30A,PNPT1,LIMS1,NOL7,MIS18BP1,COPS2,PIK3R1,HAUS6,RBL1,ATM,TBL1XR1,PIK3C2A,CENPK,KIF11,POLA1,RASA1,BRCA1,FANCA,RFC1,ERCC6L,POLE,WDHD1,CUL4B,QSER1,ATP11C
